,0
0,92.0
1,91.0
2,89.0
3,89.0
4,92.0
5,92.0
6,101.0
7,104.0
8,103.0
9,102.0
10,105.0
11,100.0
12,100.0
13,99.0
14,97.0
15,100.0
16,106.0
17,106.0
18,100.0
19,100.0
20,102.0
21,104.0
22,104.0
23,109.0
24,114.0
25,112.0
26,104.0
27,97.0
28,95.0
29,93.0
30,95.0
31,99.0
32,102.0
33,102.0
34,98.0
35,98.0
36,105.0
37,110.0
38,112.0
39,111.0
40,110.0
41,107.0
42,100.0
43,101.0
44,97.0
45,95.0
46,100.0
47,104.0
48,92.0
49,94.0
50,97.0
51,99.0
52,101.0
53,101.0
54,103.0
55,102.0
56,100.0
57,102.0
58,105.0
59,108.0
60,112.0
61,115.0
62,118.0
63,120.0
64,122.0
65,124.0
66,126.0
67,127.0
68,123.0
69,121.0
70,119.0
71,115.0
72,117.0
73,113.0
74,110.0
75,107.0
76,108.0
77,108.0
78,111.0
79,112.0
80,118.0
81,114.0
82,108.0
83,111.0
84,116.0
85,119.0
86,118.0
87,118.0
88,116.0
89,112.0
90,111.0
91,111.0
92,108.0
93,109.0
94,111.0
95,109.0
96,112.0
97,113.0
98,109.0
99,108.0
100,107.0
101,105.0
102,106.0
103,108.0
104,110.0
105,112.0
106,111.0
107,110.0
108,111.0
109,109.0
110,109.0
111,114.0
112,114.0
113,114.0
114,114.0
115,115.0
116,111.0
117,115.0
118,119.0
119,120.0
120,114.0
121,116.0
122,112.0
123,112.0
124,115.0
125,115.0
126,125.0
127,131.0
128,130.0
129,133.0
130,135.0
131,134.0
132,134.0
133,133.0
134,134.0
135,138.0
136,143.0
137,147.0
138,151.0
139,155.0
140,157.0
141,159.0
142,160.0
143,155.0
144,152.0
145,146.0
146,142.0
147,146.0
148,147.0
149,146.0
150,143.0
151,145.0
152,145.0
153,147.0
154,147.0
155,145.0
156,146.0
157,146.0
158,148.0
159,150.0
160,149.0
161,135.0
162,134.0
163,130.0
164,133.0
165,134.0
166,133.0
167,135.0
168,137.0
169,143.0
170,148.0
171,152.0
172,158.0
173,157.0
174,153.0
175,147.0
176,148.0
177,148.0
178,155.0
179,155.0
180,150.0
181,144.0
182,146.0
183,148.0
184,151.0
185,153.0
186,157.0
187,155.0
188,151.0
189,146.0
190,144.0
191,145.0
192,151.0
193,154.0
194,155.0
195,159.0
196,154.0
197,152.0
198,149.0
199,149.0
200,153.0
201,150.0
202,147.0
203,146.0
204,142.0
205,137.0
206,131.0
207,130.0
208,130.0
209,137.0
210,141.0
211,142.0
212,149.0
213,155.0
214,159.0
215,131.0
216,137.0
217,139.0
218,142.0
219,148.0
220,149.0
221,153.0
222,152.0
223,153.0
224,153.0
225,155.0
226,156.0
227,156.0
228,157.0
229,160.0
230,159.0
231,157.0
232,156.0
233,154.0
234,152.0
235,151.0
236,152.0
237,152.0
238,149.0
239,151.0
240,148.0
241,143.0
242,139.0
243,135.0
244,132.0
245,127.0
246,128.0
247,130.0
248,129.0
249,132.0
250,138.0
251,142.0
252,147.0
253,152.0
254,158.0
255,161.0
256,161.0
257,159.0
258,156.0
259,150.0
260,149.0
261,152.0
262,149.0
263,143.0
264,141.0
265,141.0
266,101.0
267,99.0
268,103.0
269,106.0
270,103.0
271,102.0
272,100.0
273,99.0
274,101.0
275,97.0
276,94.0
277,95.0
278,98.0
279,96.0
280,98.0
281,95.0
282,98.0
283,98.0
284,120.0
285,120.0
286,114.0
287,108.0
288,101.0
289,102.0
290,106.0
291,106.0
292,106.0
293,106.0
294,106.0
295,106.0
296,106.0
297,98.0
298,92.0
299,92.0
300,98.0
301,104.0
302,110.0
303,116.0
304,116.0
305,110.0
306,116.0
307,122.0
308,123.0
309,117.0
310,111.0
311,105.0
312,108.0
313,104.0
314,108.0
315,113.0
316,107.0
317,114.0
318,114.0
319,108.0
320,108.0
321,114.0
322,114.0
323,120.0
324,114.0
325,120.0
326,126.0
327,120.0
328,110.0
329,111.0
330,111.0
331,114.0
332,114.0
333,121.0
334,122.0
335,119.0
336,124.0
337,124.0
338,122.0
339,115.0
340,109.0
341,115.0
342,122.0
343,128.0
344,122.0
345,122.0
346,115.0
347,115.0
348,113.0
349,112.0
350,118.0
351,119.0
352,122.0
353,123.0
354,122.0
355,118.0
356,118.0
357,118.0
358,120.0
359,123.0
360,122.0
361,116.0
362,110.0
363,111.0
364,109.0
365,110.0
366,113.0
367,114.0
368,111.0
369,109.0
370,87.0
371,88.0
372,88.0
373,87.0
374,84.0
375,81.0
376,75.0
377,69.0
378,75.0
379,81.0
380,76.0
381,80.0
382,81.0
383,82.0
384,87.0
385,90.0
386,92.0
387,89.0
388,85.0
389,80.0
390,74.0
391,73.0
392,77.0
393,77.0
394,82.0
395,76.0
396,73.0
397,79.0
398,82.0
399,85.0
400,87.0
401,83.0
402,78.0
403,79.0
404,84.0
405,84.0
406,81.0
407,77.0
408,83.0
409,89.0
410,83.0
411,83.0
412,87.0
413,89.0
414,88.0
415,90.0
416,94.0
417,96.0
418,91.0
419,90.0
420,92.0
421,89.0
422,88.0
423,91.0
424,94.0
425,91.0
426,91.0
427,85.0
428,85.0
429,84.0
430,83.0
431,87.0
432,95.0
433,97.0
434,97.0
435,91.0
436,91.0
437,85.0
438,91.0
439,97.0
440,99.0
441,94.0
442,93.0
443,91.0
444,95.0
445,89.0
446,83.0
447,83.0
448,90.0
449,96.0
450,101.0
451,95.0
452,89.0
453,89.0
454,95.0
455,101.0
456,101.0
457,101.0
458,95.0
459,101.0
460,107.0
461,101.0
462,95.0
463,101.0
464,107.0
465,116.0
466,122.0
467,116.0
468,110.0
469,104.0
470,104.0
471,104.0
472,110.0
473,110.0
474,99.0
475,105.0
476,111.0
477,105.0
478,99.0
479,99.0
480,106.0
481,113.0
482,119.0
483,113.0
484,107.0
485,101.0
486,95.0
487,101.0
488,101.0
489,101.0
490,107.0
491,106.0
492,100.0
493,100.0
494,94.0
495,100.0
496,107.0
497,113.0
498,113.0
499,107.0
500,109.0
501,111.0
502,112.0
503,108.0
504,111.0
505,110.0
506,115.0
507,87.0
508,84.0
509,84.0
510,90.0
511,90.0
512,97.0
513,95.0
514,91.0
515,97.0
516,98.0
517,98.0
518,102.0
519,101.0
520,99.0
521,100.0
522,98.0
523,91.0
524,85.0
525,83.0
526,83.0
527,85.0
528,86.0
529,86.0
530,85.0
531,87.0
532,87.0
533,82.0
534,88.0
535,94.0
536,87.0
537,90.0
538,91.0
539,89.0
540,93.0
541,89.0
542,96.0
543,96.0
544,102.0
545,102.0
546,108.0
547,110.0
548,110.0
549,109.0
550,103.0
551,99.0
552,96.0
553,96.0
554,97.0
555,97.0
556,96.0
557,102.0
558,107.0
559,106.0
560,105.0
561,109.0
562,110.0
563,109.0
564,113.0
565,113.0
566,113.0
567,113.0
568,113.0
569,107.0
570,107.0
571,101.0
572,100.0
573,94.0
574,94.0
575,93.0
576,99.0
577,107.0
578,115.0
579,122.0
580,130.0
581,137.0
582,143.0
583,137.0
584,131.0
585,125.0
586,123.0
587,129.0
588,129.0
589,127.0
590,128.0
591,126.0
592,120.0
593,121.0
594,120.0
595,120.0
596,124.0
597,127.0
598,127.0
599,129.0
600,126.0
601,117.0
602,123.0
603,125.0
604,124.0
605,128.0
606,128.0
607,132.0
608,127.0
609,110.0
610,114.0
611,117.0
612,115.0
613,112.0
614,113.0
615,115.0
616,117.0
617,117.0
618,121.0
619,125.0
620,129.0
621,129.0
622,130.0
623,130.0
624,135.0
625,134.0
626,132.0
627,133.0
628,131.0
629,136.0
630,136.0
631,141.0
632,142.0
633,137.0
634,131.0
635,130.0
636,129.0
637,129.0
638,123.0
639,123.0
640,129.0
641,129.0
642,129.0
643,129.0
644,129.0
645,126.0
646,105.0
647,105.0
648,108.0
649,103.0
650,108.0
651,102.0
652,108.0
653,114.0
654,114.0
655,108.0
656,108.0
657,115.0
658,112.0
659,108.0
660,101.0
661,97.0
662,103.0
663,108.0
664,108.0
665,114.0
666,114.0
667,121.0
668,127.0
669,132.0
670,135.0
671,131.0
672,127.0
673,127.0
674,121.0
675,114.0
676,108.0
677,114.0
678,114.0
679,115.0
680,113.0
681,118.0
682,123.0
683,127.0
684,96.0
685,97.0
686,97.0
687,97.0
688,98.0
689,98.0
690,95.0
691,95.0
692,89.0
693,84.0
694,82.0
695,82.0
696,88.0
697,90.0
698,96.0
699,91.0
700,90.0
701,84.0
702,86.0
703,91.0
704,93.0
705,90.0
706,86.0
707,80.0
708,80.0
709,80.0
710,81.0
711,84.0
712,90.0
713,88.0
714,91.0
715,92.0
716,88.0
717,95.0
718,101.0
719,111.0
720,119.0
721,125.0
722,131.0
723,124.0
724,118.0
725,112.0
726,106.0
727,100.0
728,107.0
729,107.0
730,107.0
731,113.0
732,119.0
733,119.0
734,119.0
735,112.0
736,106.0
737,113.0
738,114.0
739,108.0
740,114.0
741,110.0
742,110.0
743,110.0
744,109.0
745,104.0
746,106.0
747,110.0
748,106.0
749,106.0
750,100.0
751,94.0
752,100.0
753,106.0
754,113.0
755,119.0
756,113.0
757,107.0
758,107.0
759,107.0
760,107.0
761,107.0
762,107.0
763,106.0
764,109.0
765,113.0
766,115.0
767,110.0
768,111.0
769,115.0
770,113.0
771,115.0
772,118.0
773,112.0
774,120.0
775,120.0
776,120.0
777,128.0
778,135.0
779,141.0
780,135.0
781,135.0
782,135.0
783,135.0
784,129.0
785,123.0
786,129.0
787,130.0
788,130.0
789,124.0
790,130.0
791,136.0
792,142.0
793,148.0
794,154.0
795,148.0
796,142.0
797,142.0
798,140.0
799,143.0
800,142.0
801,149.0
802,149.0
803,143.0
804,137.0
805,131.0
806,131.0
807,131.0
808,131.0
809,131.0
810,131.0
811,137.0
812,143.0
813,137.0
814,131.0
815,138.0
816,144.0
817,150.0
818,150.0
819,156.0
820,162.0
821,162.0
822,156.0
823,150.0
824,144.0
825,143.0
826,146.0
827,139.0
828,130.0
829,126.0
830,122.0
831,126.0
832,132.0
833,130.0
834,136.0
835,142.0
836,142.0
837,141.0
838,147.0
839,153.0
840,153.0
841,153.0
842,151.0
843,146.0
844,142.0
845,141.0
846,140.0
847,143.0
848,144.0
849,147.0
850,144.0
851,139.0
852,138.0
853,141.0
854,139.0
855,138.0
856,144.0
857,144.0
858,146.0
859,140.0
860,134.0
861,135.0
862,137.0
863,141.0
864,134.0
865,128.0
866,126.0
867,131.0
868,132.0
869,134.0
870,136.0
871,135.0
872,135.0
873,134.0
874,135.0
875,132.0
876,128.0
877,131.0
878,132.0
879,133.0
880,134.0
881,132.0
882,133.0
883,131.0
884,131.0
885,131.0
886,131.0
887,131.0
888,131.0
889,125.0
890,131.0
891,137.0
892,143.0
893,137.0
894,137.0
895,143.0
896,149.0
897,142.0
898,144.0
899,145.0
900,144.0
901,144.0
902,145.0
903,143.0
904,141.0
905,138.0
906,134.0
907,139.0
908,87.0
909,88.0
910,88.0
911,85.0
912,85.0
913,84.0
914,86.0
915,89.0
916,92.0
917,94.0
918,94.0
919,95.0
920,93.0
921,91.0
922,89.0
923,89.0
924,89.0
925,86.0
926,87.0
927,90.0
928,93.0
929,93.0
930,93.0
931,93.0
932,92.0
933,91.0
934,88.0
935,88.0
936,88.0
937,85.0
938,85.0
939,84.0
940,90.0
941,96.0
942,98.0
943,97.0
944,91.0
945,92.0
946,86.0
947,89.0
948,82.0
949,88.0
950,95.0
951,89.0
952,91.0
953,110.0
954,107.0
955,104.0
956,103.0
957,104.0
958,101.0
959,100.0
960,101.0
961,95.0
962,94.0
963,91.0
964,88.0
965,91.0
966,97.0
967,101.0
968,105.0
969,104.0
970,103.0
971,97.0
972,97.0
973,94.0
974,90.0
975,95.0
976,99.0
977,100.0
978,102.0
979,100.0
980,100.0
981,98.0
982,96.0
983,97.0
984,100.0
985,100.0
986,103.0
987,101.0
988,106.0
989,100.0
990,93.0
991,97.0
992,96.0
993,98.0
994,102.0
995,104.0
996,105.0
997,108.0
998,103.0
999,106.0
1000,99.0
1001,93.0
1002,93.0
1003,101.0
1004,101.0
1005,95.0
1006,108.0
1007,107.0
1008,103.0
1009,106.0
1010,100.0
1011,103.0
1012,103.0
1013,109.0
1014,103.0
1015,97.0
1016,97.0
1017,103.0
1018,102.0
1019,103.0
1020,106.0
1021,109.0
1022,109.0
1023,109.0
1024,106.0
1025,102.0
1026,102.0
1027,103.0
1028,102.0
1029,100.0
1030,100.0
1031,106.0
1032,100.0
1033,100.0
1034,106.0
1035,100.0
1036,100.0
1037,101.0
1038,101.0
1039,95.0
1040,89.0
1041,95.0
1042,89.0
1043,83.0
1044,90.0
1045,96.0
1046,96.0
1047,103.0
1048,109.0
1049,115.0
1050,115.0
1051,115.0
1052,109.0
1053,109.0
1054,112.0
1055,106.0
1056,105.0
1057,102.0
1058,103.0
1059,104.0
1060,106.0
1061,106.0
1062,100.0
1063,94.0
1064,94.0
1065,102.0
1066,102.0
1067,102.0
1068,103.0
1069,108.0
1070,109.0
1071,109.0
1072,106.0
1073,105.0
1074,104.0
1075,104.0
1076,104.0
1077,103.0
1078,98.0
1079,99.0
1080,100.0
1081,108.0
1082,116.0
1083,123.0
1084,131.0
1085,131.0
1086,128.0
1087,128.0
1088,130.0
1089,125.0
1090,121.0
1091,117.0
1092,117.0
1093,123.0
1094,129.0
1095,129.0
1096,123.0
1097,125.0
1098,124.0
1099,122.0
1100,124.0
1101,121.0
1102,123.0
1103,127.0
1104,129.0
1105,127.0
1106,128.0
1107,125.0
1108,123.0
1109,122.0
1110,122.0
1111,128.0
1112,134.0
1113,130.0
1114,124.0
1115,121.0
1116,128.0
1117,127.0
1118,129.0
1119,126.0
1120,126.0
1121,126.0
1122,126.0
1123,88.0
1124,89.0
1125,91.0
1126,91.0
1127,89.0
1128,93.0
1129,91.0
1130,86.0
1131,87.0
1132,85.0
1133,91.0
1134,85.0
1135,86.0
1136,86.0
1137,86.0
1138,92.0
1139,86.0
1140,85.0
1141,87.0
1142,91.0
1143,90.0
1144,89.0
1145,89.0
1146,94.0
1147,101.0
1148,94.0
1149,97.0
1150,95.0
1151,96.0
1152,100.0
1153,96.0
1154,95.0
1155,98.0
1156,100.0
1157,98.0
1158,96.0
1159,92.0
1160,90.0
1161,87.0
1162,92.0
1163,96.0
1164,95.0
1165,90.0
1166,93.0
1167,91.0
1168,87.0
1169,94.0
1170,94.0
1171,101.0
1172,94.0
1173,90.0
1174,86.0
1175,86.0
1176,86.0
1177,86.0
1178,84.0
1179,87.0
1180,92.0
1181,98.0
1182,95.0
1183,96.0
1184,99.0
1185,103.0
1186,100.0
1187,97.0
1188,93.0
1189,91.0
1190,97.0
1191,97.0
1192,99.0
1193,101.0
1194,96.0
1195,91.0
1196,88.0
1197,84.0
1198,89.0
1199,91.0
1200,85.0
1201,90.0
1202,95.0
1203,98.0
1204,99.0
1205,100.0
1206,99.0
1207,93.0
1208,87.0
1209,93.0
1210,100.0
1211,94.0
1212,88.0
1213,94.0
1214,88.0
1215,82.0
1216,88.0
1217,95.0
1218,101.0
1219,101.0
1220,94.0
1221,100.0
1222,94.0
1223,94.0
1224,95.0
1225,89.0
1226,88.0
1227,94.0
1228,100.0
1229,94.0
1230,100.0
1231,93.0
1232,99.0
1233,105.0
1234,99.0
1235,99.0
1236,105.0
1237,99.0
1238,98.0
1239,98.0
1240,98.0
1241,98.0
1242,102.0
1243,106.0
1244,103.0
1245,97.0
1246,97.0
1247,96.0
1248,103.0
1249,109.0
1250,103.0
1251,103.0
1252,103.0
1253,103.0
1254,97.0
1255,97.0
1256,97.0
1257,97.0
1258,97.0
1259,97.0
1260,97.0
1261,97.0
1262,103.0
1263,109.0
1264,110.0
1265,104.0
1266,98.0
1267,98.0
1268,104.0
1269,104.0
1270,102.0
1271,102.0
1272,104.0
1273,104.0
1274,105.0
1275,108.0
1276,110.0
1277,105.0
1278,105.0
1279,111.0
1280,105.0
1281,104.0
1282,110.0
1283,104.0
1284,98.0
1285,94.0
1286,94.0
1287,94.0
1288,95.0
1289,103.0
1290,109.0
1291,109.0
1292,106.0
1293,104.0
1294,106.0
1295,112.0
1296,106.0
1297,106.0
1298,105.0
1299,99.0
1300,105.0
1301,105.0
1302,99.0
1303,99.0
1304,105.0
1305,99.0
1306,99.0
1307,93.0
1308,93.0
1309,94.0
1310,100.0
1311,94.0
1312,91.0
1313,97.0
1314,103.0
1315,97.0
1316,97.0
1317,91.0
1318,90.0
1319,93.0
1320,98.0
1321,98.0
1322,104.0
1323,104.0
1324,98.0
1325,104.0
1326,104.0
1327,110.0
1328,116.0
1329,116.0
1330,109.0
1331,103.0
1332,103.0
1333,109.0
1334,106.0
1335,109.0
1336,109.0
1337,103.0
1338,109.0
1339,109.0
1340,109.0
1341,103.0
1342,103.0
1343,107.0
1344,109.0
1345,68.0
1346,66.0
1347,76.0
1348,83.0
1349,86.0
1350,86.0
1351,83.0
1352,81.0
1353,79.0
1354,77.0
1355,75.0
1356,73.0
1357,71.0
1358,69.0
1359,68.0
1360,69.0
1361,70.0
1362,72.0
1363,70.0
1364,76.0
1365,72.0
1366,70.0
1367,64.0
1368,64.0
1369,64.0
1370,58.0
1371,59.0
1372,62.0
1373,65.0
1374,70.0
1375,69.0
1376,63.0
1377,69.0
1378,76.0
1379,70.0
1380,70.0
1381,70.0
1382,68.0
1383,63.0
1384,71.0
1385,68.0
1386,74.0
1387,80.0
1388,81.0
1389,81.0
1390,75.0
1391,69.0
1392,77.0
1393,84.0
1394,84.0
1395,78.0
1396,72.0
1397,72.0
1398,78.0
1399,84.0
1400,87.0
1401,85.0
1402,81.0
1403,79.0
1404,77.0
1405,73.0
1406,76.0
1407,76.0
1408,69.0
1409,63.0
1410,65.0
1411,72.0
1412,79.0
1413,83.0
1414,85.0
1415,87.0
1416,85.0
1417,88.0
1418,82.0
1419,75.0
1420,75.0
1421,75.0
1422,75.0
1423,75.0
1424,81.0
1425,88.0
1426,95.0
1427,101.0
1428,101.0
1429,95.0
1430,89.0
1431,89.0
1432,89.0
1433,89.0
1434,95.0
1435,101.0
1436,101.0
1437,101.0
1438,95.0
1439,101.0
1440,108.0
1441,102.0
1442,103.0
1443,109.0
1444,103.0
1445,97.0
1446,91.0
1447,84.0
1448,78.0
1449,78.0
1450,78.0
1451,84.0
1452,84.0
1453,84.0
1454,90.0
1455,93.0
1456,95.0
1457,99.0
1458,101.0
1459,105.0
1460,111.0
1461,105.0
1462,106.0
1463,100.0
1464,106.0
1465,106.0
1466,99.0
1467,100.0
1468,106.0
1469,106.0
1470,113.0
1471,119.0
1472,126.0
1473,125.0
1474,119.0
1475,119.0
1476,119.0
1477,118.0
1478,112.0
1479,114.0
1480,114.0
1481,115.0
1482,115.0
1483,114.0
1484,113.0
1485,120.0
1486,114.0
1487,108.0
1488,108.0
1489,107.0
1490,113.0
1491,113.0
1492,119.0
1493,126.0
1494,132.0
1495,126.0
1496,120.0
1497,85.0
1498,86.0
1499,87.0
1500,91.0
1501,93.0
1502,90.0
1503,84.0
1504,81.0
1505,81.0
1506,80.0
1507,80.0
1508,85.0
1509,90.0
1510,96.0
1511,101.0
1512,95.0
1513,89.0
1514,86.0
1515,89.0
1516,89.0
1517,95.0
1518,89.0
1519,89.0
1520,83.0
1521,81.0
1522,89.0
1523,89.0
1524,89.0
1525,95.0
1526,101.0
1527,94.0
1528,88.0
1529,94.0
1530,94.0
1531,97.0
1532,91.0
1533,85.0
1534,86.0
1535,92.0
1536,92.0
1537,100.0
1538,93.0
1539,95.0
1540,95.0
1541,101.0
1542,101.0
1543,95.0
1544,89.0
1545,89.0
1546,95.0
1547,102.0
1548,108.0
1549,102.0
1550,96.0
1551,97.0
1552,97.0
1553,103.0
1554,102.0
1555,102.0
1556,103.0
1557,103.0
1558,102.0
1559,102.0
1560,96.0
1561,95.0
1562,100.0
1563,103.0
1564,97.0
1565,90.0
1566,84.0
1567,90.0
1568,97.0
1569,104.0
1570,111.0
1571,118.0
1572,117.0
1573,116.0
1574,110.0
1575,109.0
1576,110.0
1577,108.0
1578,108.0
1579,102.0
1580,99.0
1581,94.0
1582,97.0
1583,98.0
1584,92.0
1585,86.0
1586,92.0
1587,98.0
1588,102.0
1589,101.0
1590,101.0
1591,100.0
1592,99.0
1593,98.0
1594,99.0
1595,98.0
1596,97.0
1597,99.0
1598,94.0
1599,101.0
1600,101.0
1601,107.0
1602,107.0
1603,101.0
1604,101.0
1605,95.0
1606,88.0
1607,94.0
1608,100.0
1609,106.0
1610,106.0
1611,109.0
1612,103.0
1613,97.0
1614,97.0
1615,97.0
1616,97.0
1617,96.0
1618,105.0
1619,113.0
1620,113.0
1621,104.0
1622,98.0
1623,104.0
1624,110.0
1625,110.0
1626,109.0
1627,103.0
1628,97.0
1629,103.0
1630,109.0
1631,108.0
1632,106.0
1633,110.0
1634,110.0
1635,106.0
1636,102.0
1637,102.0
1638,96.0
1639,96.0
1640,96.0
1641,96.0
1642,99.0
1643,100.0
1644,106.0
1645,100.0
1646,104.0
1647,104.0
1648,110.0
1649,103.0
1650,103.0
1651,109.0
1652,115.0
1653,109.0
1654,109.0
1655,103.0
1656,109.0
1657,116.0
1658,116.0
1659,109.0
1660,109.0
1661,109.0
1662,103.0
1663,97.0
1664,97.0
1665,103.0
1666,109.0
1667,109.0
1668,115.0
1669,115.0
1670,109.0
1671,103.0
1672,97.0
1673,103.0
1674,108.0
1675,106.0
1676,106.0
1677,102.0
1678,108.0
1679,115.0
1680,109.0
1681,112.0
1682,111.0
1683,118.0
1684,124.0
1685,118.0
1686,118.0
1687,118.0
1688,124.0
1689,118.0
1690,118.0
1691,115.0
1692,112.0
1693,115.0
1694,118.0
1695,112.0
1696,106.0
1697,106.0
1698,105.0
1699,111.0
1700,117.0
1701,116.0
1702,110.0
1703,104.0
1704,104.0
1705,104.0
1706,98.0
1707,104.0
1708,104.0
1709,110.0
1710,113.0
1711,114.0
1712,115.0
1713,120.0
1714,121.0
1715,118.0
1716,116.0
1717,112.0
1718,109.0
1719,106.0
1720,102.0
1721,106.0
1722,107.0
1723,113.0
1724,107.0
1725,107.0
1726,107.0
1727,114.0
1728,120.0
1729,120.0
1730,118.0
1731,114.0
1732,113.0
1733,117.0
1734,112.0
1735,112.0
1736,106.0
1737,100.0
1738,107.0
1739,115.0
1740,122.0
1741,116.0
1742,93.0
1743,94.0
1744,89.0
1745,88.0
1746,87.0
1747,86.0
1748,80.0
1749,81.0
1750,87.0
1751,94.0
1752,88.0
1753,88.0
1754,94.0
1755,88.0
1756,82.0
1757,88.0
1758,90.0
1759,93.0
1760,94.0
1761,96.0
1762,100.0
1763,99.0
1764,96.0
1765,90.0
1766,90.0
1767,96.0
1768,101.0
1769,101.0
1770,97.0
1771,99.0
1772,93.0
1773,94.0
1774,94.0
1775,93.0
1776,99.0
1777,96.0
1778,102.0
1779,102.0
1780,102.0
1781,103.0
1782,100.0
1783,95.0
1784,91.0
1785,92.0
1786,92.0
1787,92.0
1788,91.0
1789,90.0
1790,88.0
1791,91.0
1792,92.0
1793,94.0
1794,97.0
1795,96.0
1796,92.0
1797,86.0
1798,84.0
1799,83.0
1800,84.0
1801,85.0
1802,79.0
1803,78.0
1804,78.0
1805,82.0
1806,83.0
1807,84.0
1808,88.0
1809,91.0
1810,95.0
1811,97.0
1812,98.0
1813,97.0
1814,94.0
1815,90.0
1816,96.0
1817,96.0
1818,99.0
1819,98.0
1820,97.0
1821,98.0
1822,98.0
1823,100.0
1824,98.0
1825,96.0
1826,92.0
1827,95.0
1828,95.0
1829,90.0
1830,90.0
1831,90.0
1832,97.0
1833,103.0
1834,103.0
1835,103.0
1836,97.0
1837,91.0
1838,91.0
1839,97.0
1840,94.0
1841,97.0
1842,97.0
1843,92.0
1844,91.0
1845,95.0
1846,89.0
1847,83.0
1848,89.0
1849,95.0
1850,99.0
1851,100.0
1852,94.0
1853,94.0
1854,94.0
1855,88.0
1856,81.0
1857,87.0
1858,87.0
1859,81.0
1860,87.0
1861,92.0
1862,97.0
1863,98.0
1864,104.0
1865,105.0
1866,99.0
1867,93.0
1868,93.0
1869,99.0
1870,95.0
1871,95.0
1872,101.0
1873,102.0
1874,96.0
1875,90.0
1876,90.0
1877,94.0
1878,101.0
1879,105.0
1880,109.0
1881,107.0
1882,103.0
1883,100.0
1884,98.0
1885,97.0
1886,97.0
1887,93.0
1888,88.0
1889,94.0
1890,92.0
1891,89.0
1892,89.0
1893,95.0
1894,101.0
1895,108.0
1896,114.0
1897,114.0
1898,113.0
1899,113.0
1900,119.0
1901,126.0
1902,133.0
1903,139.0
1904,139.0
1905,132.0
1906,125.0
1907,119.0
1908,118.0
1909,124.0
1910,130.0
1911,124.0
1912,124.0
1913,118.0
1914,118.0
1915,114.0
1916,116.0
1917,121.0
1918,121.0
1919,115.0
1920,118.0
1921,121.0
1922,122.0
1923,126.0
1924,130.0
1925,130.0
1926,123.0
1927,117.0
1928,111.0
1929,111.0
1930,118.0
1931,117.0
1932,123.0
1933,123.0
1934,124.0
1935,124.0
1936,119.0
1937,115.0
1938,115.0
1939,118.0
1940,118.0
1941,117.0
1942,111.0
1943,105.0
1944,112.0
1945,119.0
1946,125.0
1947,118.0
1948,116.0
1949,113.0
1950,113.0
1951,114.0
1952,114.0
1953,112.0
1954,110.0
1955,109.0
1956,109.0
1957,107.0
1958,106.0
1959,104.0
1960,108.0
1961,116.0
1962,124.0
1963,131.0
1964,130.0
1965,127.0
1966,127.0
1967,126.0
1968,126.0
1969,120.0
1970,118.0
1971,118.0
1972,118.0
1973,121.0
1974,124.0
1975,127.0
1976,127.0
1977,126.0
1978,118.0
1979,112.0
1980,112.0
1981,114.0
1982,116.0
1983,121.0
1984,121.0
1985,121.0
1986,128.0
1987,128.0
1988,122.0
1989,117.0
1990,120.0
1991,119.0
1992,116.0
1993,115.0
1994,115.0
1995,115.0
1996,115.0
1997,116.0
1998,119.0
1999,120.0
2000,121.0
2001,121.0
2002,125.0
2003,120.0
2004,118.0
2005,118.0
2006,112.0
2007,118.0
2008,124.0
2009,85.0
2010,85.0
2011,85.0
2012,84.0
2013,87.0
2014,87.0
2015,87.0
2016,89.0
2017,94.0
2018,92.0
2019,93.0
2020,87.0
2021,89.0
2022,92.0
2023,89.0
2024,86.0
2025,79.0
2026,79.0
2027,76.0
2028,81.0
2029,84.0
2030,85.0
2031,87.0
2032,86.0
2033,84.0
2034,83.0
2035,87.0
2036,87.0
2037,81.0
2038,81.0
2039,87.0
2040,85.0
2041,88.0
2042,94.0
2043,94.0
2044,88.0
2045,88.0
2046,94.0
2047,91.0
2048,84.0
2049,87.0
2050,91.0
2051,94.0
2052,100.0
2053,107.0
2054,113.0
2055,107.0
2056,107.0
2057,105.0
2058,108.0
2059,109.0
2060,108.0
2061,108.0
2062,108.0
2063,103.0
2064,103.0
2065,96.0
2066,93.0
2067,99.0
2068,97.0
2069,102.0
2070,102.0
2071,102.0
2072,102.0
2073,102.0
2074,102.0
2075,99.0
2076,95.0
2077,98.0
2078,104.0
2079,110.0
2080,104.0
2081,98.0
2082,98.0
2083,98.0
2084,98.0
2085,98.0
2086,104.0
2087,98.0
2088,104.0
2089,104.0
2090,98.0
2091,92.0
2092,95.0
2093,97.0
2094,103.0
2095,100.0
2096,103.0
2097,98.0
2098,98.0
2099,97.0
2100,97.0
2101,90.0
2102,95.0
2103,98.0
2104,97.0
2105,97.0
2106,97.0
2107,101.0
2108,105.0
2109,105.0
2110,102.0
2111,101.0
2112,102.0
2113,102.0
2114,100.0
2115,96.0
2116,96.0
2117,102.0
2118,96.0
2119,96.0
2120,97.0
2121,103.0
2122,105.0
2123,103.0
2124,103.0
2125,105.0
2126,109.0
2127,110.0
2128,107.0
2129,105.0
2130,103.0
2131,104.0
2132,106.0
2133,107.0
2134,104.0
2135,110.0
2136,110.0
2137,104.0
2138,110.0
2139,104.0
2140,103.0
2141,110.0
2142,104.0
2143,98.0
2144,98.0
2145,92.0
2146,89.0
2147,88.0
2148,93.0
2149,97.0
2150,101.0
2151,103.0
2152,103.0
2153,101.0
2154,100.0
2155,104.0
2156,107.0
2157,109.0
2158,103.0
2159,103.0
2160,104.0
2161,103.0
2162,101.0
2163,102.0
2164,102.0
2165,103.0
2166,107.0
2167,106.0
2168,104.0
2169,104.0
2170,103.0
2171,101.0
2172,106.0
2173,109.0
2174,107.0
2175,103.0
2176,100.0
2177,99.0
2178,105.0
2179,107.0
2180,106.0
2181,104.0
2182,108.0
2183,102.0
2184,102.0
2185,108.0
2186,109.0
2187,106.0
2188,106.0
2189,108.0
2190,107.0
2191,109.0
2192,109.0
2193,115.0
2194,113.0
2195,113.0
2196,116.0
2197,111.0
2198,114.0
2199,112.0
2200,110.0
2201,108.0
2202,102.0
2203,102.0
2204,99.0
2205,107.0
2206,108.0
2207,105.0
2208,103.0
2209,102.0
2210,103.0
2211,103.0
2212,103.0
2213,103.0
2214,101.0
2215,99.0
2216,99.0
2217,94.0
2218,91.0
2219,91.0
2220,93.0
2221,95.0
2222,97.0
2223,97.0
2224,91.0
2225,93.0
2226,100.0
2227,102.0
2228,107.0
2229,101.0
2230,103.0
2231,103.0
2232,103.0
2233,104.0
2234,105.0
2235,105.0
2236,103.0
2237,102.0
2238,100.0
2239,101.0
2240,103.0
2241,104.0
2242,105.0
2243,108.0
2244,103.0
2245,102.0
2246,99.0
2247,103.0
2248,102.0
2249,100.0
2250,101.0
2251,104.0
2252,109.0
2253,109.0
2254,106.0
2255,103.0
2256,99.0
2257,100.0
2258,99.0
2259,100.0
2260,99.0
2261,95.0
2262,91.0
2263,91.0
2264,93.0
2265,93.0
2266,91.0
2267,91.0
2268,89.0
2269,92.0
2270,95.0
2271,95.0
2272,94.0
2273,100.0
2274,96.0
2275,94.0
2276,97.0
2277,99.0
2278,100.0
2279,103.0
2280,103.0
2281,100.0
2282,98.0
2283,95.0
2284,95.0
2285,96.0
2286,95.0
2287,97.0
2288,99.0
2289,100.0
2290,102.0
2291,102.0
2292,104.0
2293,110.0
2294,113.0
2295,113.0
2296,112.0
2297,111.0
2298,108.0
2299,109.0
2300,110.0
2301,112.0
2302,107.0
2303,111.0
2304,117.0
2305,116.0
2306,113.0
2307,111.0
2308,111.0
2309,109.0
2310,109.0
2311,110.0
2312,110.0
2313,109.0
2314,108.0
2315,109.0
2316,109.0
2317,107.0
2318,103.0
2319,99.0
2320,99.0
2321,105.0
2322,104.0
2323,106.0
2324,107.0
2325,109.0
2326,106.0
2327,103.0
2328,100.0
2329,98.0
2330,98.0
2331,100.0
2332,100.0
2333,104.0
2334,105.0
2335,108.0
2336,107.0
2337,104.0
2338,104.0
2339,109.0
2340,112.0
2341,110.0
2342,110.0
2343,116.0
2344,116.0
2345,115.0
2346,114.0
2347,119.0
2348,112.0
2349,108.0
2350,106.0
2351,106.0
2352,108.0
2353,108.0
2354,102.0
2355,107.0
2356,106.0
2357,105.0
2358,103.0
2359,103.0
2360,106.0
2361,108.0
2362,115.0
2363,118.0
2364,119.0
2365,118.0
2366,116.0
2367,112.0
2368,109.0
2369,108.0
2370,106.0
2371,108.0
2372,105.0
2373,107.0
2374,107.0
2375,105.0
2376,106.0
2377,108.0
2378,105.0
2379,105.0
2380,106.0
2381,105.0
2382,105.0
2383,104.0
2384,108.0
2385,112.0
2386,112.0
2387,111.0
2388,109.0
2389,112.0
2390,112.0
2391,113.0
2392,114.0
2393,115.0
2394,108.0
2395,107.0
2396,105.0
2397,102.0
2398,102.0
2399,106.0
2400,108.0
2401,111.0
2402,111.0
2403,112.0
2404,111.0
2405,108.0
2406,112.0
2407,111.0
2408,112.0
2409,113.0
2410,113.0
2411,111.0
2412,110.0
2413,109.0
2414,110.0
2415,113.0
2416,111.0
2417,112.0
2418,109.0
2419,105.0
2420,104.0
2421,105.0
2422,102.0
2423,101.0
2424,102.0
2425,106.0
2426,105.0
2427,105.0
2428,104.0
2429,104.0
2430,104.0
2431,105.0
2432,105.0
2433,105.0
2434,102.0
2435,104.0
2436,104.0
2437,108.0
2438,105.0
2439,107.0
2440,107.0
2441,106.0
2442,104.0
2443,102.0
2444,101.0
2445,100.0
2446,104.0
2447,106.0
2448,107.0
2449,107.0
2450,108.0
2451,109.0
2452,114.0
2453,112.0
2454,106.0
2455,103.0
2456,108.0
2457,109.0
2458,107.0
2459,109.0
2460,112.0
2461,112.0
2462,108.0
2463,105.0
2464,104.0
2465,102.0
2466,108.0
2467,109.0
2468,110.0
2469,106.0
2470,104.0
2471,104.0
2472,107.0
2473,111.0
2474,109.0
2475,106.0
2476,110.0
2477,111.0
2478,113.0
2479,112.0
2480,118.0
2481,124.0
2482,130.0
2483,125.0
2484,109.0
2485,106.0
2486,106.0
2487,107.0
2488,109.0
2489,111.0
2490,113.0
2491,113.0
2492,113.0
2493,113.0
2494,109.0
2495,108.0
2496,107.0
2497,106.0
2498,109.0
2499,106.0
2500,100.0
2501,98.0
2502,104.0
2503,106.0
2504,108.0
2505,107.0
2506,108.0
2507,109.0
2508,108.0
2509,107.0
2510,108.0
2511,114.0
2512,113.0
2513,110.0
2514,107.0
2515,107.0
2516,107.0
2517,101.0
2518,107.0
2519,106.0
2520,106.0
2521,107.0
2522,105.0
2523,98.0
2524,92.0
2525,98.0
2526,104.0
2527,98.0
2528,98.0
2529,91.0
2530,91.0
2531,97.0
2532,103.0
2533,109.0
2534,109.0
2535,109.0
2536,109.0
2537,104.0
2538,102.0
2539,106.0
2540,109.0
2541,116.0
2542,122.0
2543,119.0
2544,113.0
2545,112.0
2546,114.0
2547,110.0
2548,106.0
2549,103.0
2550,109.0
2551,109.0
2552,103.0
2553,109.0
2554,110.0
2555,103.0
2556,103.0
2557,103.0
2558,103.0
2559,109.0
2560,109.0
2561,103.0
2562,105.0
2563,112.0
2564,112.0
2565,106.0
2566,99.0
2567,99.0
2568,106.0
2569,106.0
2570,100.0
2571,94.0
2572,94.0
2573,98.0
2574,103.0
2575,104.0
2576,98.0
2577,98.0
2578,104.0
2579,110.0
2580,107.0
2581,108.0
2582,102.0
2583,101.0
2584,103.0
2585,103.0
2586,107.0
2587,104.0
2588,103.0
2589,106.0
2590,108.0
2591,108.0
2592,114.0
2593,108.0
2594,100.0
2595,106.0
2596,100.0
2597,100.0
2598,100.0
2599,100.0
2600,100.0
2601,106.0
2602,106.0
2603,112.0
2604,111.0
2605,111.0
2606,109.0
2607,115.0
2608,117.0
2609,111.0
2610,108.0
2611,107.0
2612,108.0
2613,109.0
2614,112.0
2615,118.0
2616,119.0
2617,113.0
2618,107.0
2619,101.0
2620,100.0
2621,94.0
2622,100.0
2623,94.0
2624,100.0
2625,100.0
2626,106.0
2627,100.0
2628,93.0
2629,109.0
2630,104.0
2631,110.0
2632,104.0
2633,103.0
2634,109.0
2635,109.0
2636,109.0
2637,109.0
2638,103.0
2639,103.0
2640,96.0
2641,98.0
2642,104.0
2643,110.0
2644,110.0
2645,110.0
2646,110.0
2647,110.0
2648,104.0
2649,103.0
2650,103.0
2651,109.0
2652,115.0
2653,109.0
2654,103.0
2655,101.0
2656,107.0
2657,107.0
2658,108.0
2659,108.0
2660,108.0
2661,101.0
2662,110.0
2663,112.0
2664,112.0
2665,106.0
2666,104.0
2667,106.0
2668,105.0
2669,101.0
2670,108.0
2671,105.0
2672,102.0
2673,102.0
2674,108.0
2675,108.0
2676,112.0
2677,111.0
2678,110.0
2679,110.0
2680,113.0
2681,114.0
2682,111.0
2683,108.0
2684,110.0
2685,110.0
2686,106.0
2687,104.0
2688,104.0
2689,108.0
2690,105.0
2691,103.0
2692,104.0
2693,103.0
2694,103.0
2695,105.0
2696,105.0
2697,106.0
2698,109.0
2699,104.0
2700,100.0
2701,102.0
2702,105.0
2703,102.0
2704,96.0
2705,95.0
2706,100.0
2707,101.0
2708,104.0
2709,106.0
2710,102.0
2711,106.0
2712,107.0
2713,108.0
2714,105.0
2715,99.0
2716,97.0
2717,96.0
2718,98.0
2719,96.0
2720,94.0
2721,95.0
2722,102.0
2723,106.0
2724,106.0
2725,112.0
2726,112.0
2727,112.0
2728,111.0
2729,108.0
2730,108.0
2731,111.0
2732,109.0
2733,111.0
2734,116.0
2735,114.0
2736,108.0
2737,101.0
2738,102.0
2739,103.0
2740,109.0
2741,103.0
2742,109.0
2743,109.0
2744,109.0
2745,115.0
2746,109.0
2747,109.0
2748,110.0
2749,111.0
2750,111.0
2751,111.0
2752,111.0
2753,105.0
2754,99.0
2755,105.0
2756,111.0
2757,105.0
2758,106.0
2759,104.0
2760,98.0
2761,98.0
2762,96.0
2763,102.0
2764,105.0
2765,104.0
2766,104.0
2767,103.0
2768,101.0
2769,105.0
2770,110.0
2771,106.0
2772,100.0
2773,101.0
2774,101.0
2775,104.0
2776,104.0
2777,107.0
2778,102.0
2779,103.0
2780,103.0
2781,109.0
2782,108.0
2783,108.0
2784,108.0
2785,102.0
2786,108.0
2787,102.0
2788,102.0
2789,102.0
2790,102.0
2791,95.0
2792,101.0
2793,101.0
2794,100.0
2795,106.0
2796,106.0
2797,114.0
2798,107.0
2799,107.0
2800,107.0
2801,103.0
2802,106.0
2803,109.0
2804,110.0
2805,113.0
2806,117.0
2807,122.0
2808,123.0
2809,120.0
2810,114.0
2811,111.0
2812,105.0
2813,105.0
2814,105.0
2815,97.0
2816,103.0
2817,109.0
2818,103.0
2819,97.0
2820,97.0
2821,92.0
2822,91.0
2823,94.0
2824,100.0
2825,97.0
2826,97.0
2827,103.0
2828,97.0
2829,103.0
2830,103.0
2831,109.0
2832,108.0
2833,108.0
2834,102.0
2835,95.0
2836,95.0
2837,91.0
2838,97.0
2839,102.0
2840,108.0
2841,102.0
2842,101.0
2843,108.0
2844,102.0
2845,101.0
2846,101.0
2847,105.0
2848,101.0
2849,99.0
2850,100.0
2851,102.0
2852,102.0
2853,109.0
2854,103.0
2855,95.0
2856,95.0
2857,95.0
2858,97.0
2859,97.0
2860,97.0
2861,97.0
2862,91.0
2863,95.0
2864,97.0
2865,102.0
2866,104.0
2867,99.0
2868,97.0
2869,96.0
2870,100.0
2871,100.0
2872,99.0
2873,100.0
2874,98.0
2875,93.0
2876,93.0
2877,90.0
2878,91.0
2879,89.0
2880,90.0
2881,96.0
2882,102.0
2883,108.0
2884,108.0
2885,101.0
2886,101.0
2887,99.0
2888,99.0
2889,99.0
