,accelerometerAccelerationX(G),accelerometerAccelerationY(G),accelerometerAccelerationZ(G),Label
0,-0.109375,0.828125,0.09375,0
1,-0.12109375,0.84765625,0.109375,0
2,-0.11328125,0.85546875,0.09375,0
3,-0.11328125,0.84765625,0.11328125,0
4,-0.109375,0.8359375,0.109375,0
5,-0.1171875,0.84375,0.11328125,0
6,-0.10546875,0.83984375,0.109375,0
7,-0.1015625,0.8359375,0.1015625,0
8,-0.10546875,0.84375,0.11328125,0
9,-0.09765625,0.83984375,0.1015625,0
10,-0.11328125,0.83203125,0.1171875,0
11,-0.109375,0.83984375,0.1171875,0
12,-0.10546875,0.8203125,0.1015625,0
13,-0.11328125,0.83203125,0.11328125,0
14,-0.109375,0.81640625,0.10546875,0
15,-0.11328125,0.8203125,0.09765625,0
16,-0.1171875,0.828125,0.10546875,0
17,-0.109375,0.8125,0.109375,0
18,-0.12109375,0.828125,0.1015625,0
19,-0.125,0.828125,0.11328125,0
20,-0.109375,0.84375,0.109375,0
21,-0.11328125,0.828125,0.10546875,0
22,-0.12109375,0.84765625,0.09765625,0
23,-0.1171875,0.828125,0.109375,0
24,-0.12890625,0.83984375,0.1015625,0
25,-0.1171875,0.8515625,0.1015625,0
26,-0.09765625,0.8359375,0.08984375,0
27,-0.109375,0.84375,0.09765625,0
28,-0.09375,0.828125,0.078125,0
29,-0.09765625,0.83984375,0.1015625,0
30,-0.1015625,0.8203125,0.1015625,0
31,-0.0859375,0.82421875,0.09765625,0
32,-0.1015625,0.83984375,0.109375,0
33,-0.1015625,0.828125,0.1015625,0
34,-0.11328125,0.82421875,0.09375,0
35,-0.10546875,0.82421875,0.09765625,0
36,-0.09765625,0.83203125,0.08984375,0
37,-0.1015625,0.83203125,0.09375,0
38,-0.1015625,0.83203125,0.10546875,0
39,-0.09765625,0.83203125,0.0859375,0
40,-0.109375,0.8203125,0.0859375,0
41,-0.10546875,0.83203125,0.10546875,0
42,-0.11328125,0.83203125,0.1015625,0
43,-0.09765625,0.8359375,0.09375,0
44,-0.109375,0.83984375,0.1015625,0
45,-0.1015625,0.83984375,0.078125,0
46,-0.09765625,0.86328125,0.08203125,0
47,-0.109375,0.86328125,0.078125,0
48,-0.09765625,0.8671875,0.078125,0
49,-0.11328125,0.85546875,0.0859375,0
50,-0.11328125,0.8515625,0.08203125,0
51,-0.11328125,0.8359375,0.07421875,0
52,-0.12890625,0.84375,0.07421875,0
53,-0.11328125,0.84765625,0.07421875,0
54,-0.11328125,0.84375,0.0859375,0
55,-0.11328125,0.8359375,0.078125,0
56,-0.109375,0.82421875,0.0859375,0
57,-0.1015625,0.82421875,0.08203125,0
58,-0.11328125,0.81640625,0.08203125,0
59,-0.09765625,0.828125,0.08984375,0
60,-0.08984375,0.828125,0.078125,0
61,-0.1015625,0.828125,0.08984375,0
62,-0.1015625,0.84375,0.08984375,0
63,-0.1015625,0.828125,0.09375,0
64,-0.08984375,0.828125,0.0859375,0
65,-0.09375,0.8359375,0.09375,0
66,-0.09375,0.83203125,0.0859375,0
67,-0.1015625,0.84765625,0.08984375,0
68,-0.08203125,0.84765625,0.078125,0
69,-0.09765625,0.84375,0.078125,0
70,-0.08984375,0.84765625,0.08203125,0
71,-0.10546875,0.84375,0.09375,0
72,-0.1015625,0.859375,0.09375,0
73,-0.09765625,0.8359375,0.0859375,0
74,-0.09765625,0.85546875,0.08203125,0
75,-0.09375,0.8359375,0.0703125,0
76,-0.09765625,0.83984375,0.0859375,0
77,-0.1015625,0.8359375,0.09375,0
78,-0.09375,0.84375,0.08203125,0
79,-0.09765625,0.859375,0.0859375,0
80,-0.10546875,0.83984375,0.09375,0
81,-0.10546875,0.83203125,0.08984375,0
82,-0.09375,0.83203125,0.09375,0
83,-0.10546875,0.8359375,0.09375,0
84,-0.109375,0.8359375,0.09375,0
85,-0.10546875,0.84765625,0.08984375,0
86,-0.10546875,0.84375,0.08984375,0
87,-0.09375,0.83984375,0.09765625,0
88,-0.09765625,0.84375,0.08984375,0
89,-0.109375,0.82421875,0.09375,0
90,-0.10546875,0.8203125,0.10546875,0
91,-0.1015625,0.828125,0.08984375,0
92,-0.09375,0.8359375,0.078125,0
93,-0.10546875,0.84375,0.10546875,0
94,-0.1015625,0.828125,0.09375,0
95,-0.09375,0.83203125,0.1015625,0
96,-0.10546875,0.828125,0.09765625,0
97,-0.10546875,0.828125,0.08984375,0
98,-0.09765625,0.8359375,0.08984375,0
99,-0.10546875,0.82421875,0.08984375,0
100,-0.1171875,0.83203125,0.09765625,0
101,-0.09765625,0.828125,0.09375,0
102,-0.078125,0.83984375,0.08984375,0
103,-0.1015625,0.8359375,0.11328125,0
104,-0.08984375,0.8359375,0.1015625,0
105,-0.09765625,0.82421875,0.08984375,0
106,-0.08984375,0.8359375,0.08984375,0
107,-0.09375,0.8359375,0.08984375,0
108,-0.09765625,0.83984375,0.09375,0
109,-0.1015625,0.83984375,0.08203125,0
110,-0.1015625,0.82421875,0.09765625,0
111,-0.0859375,0.8203125,0.0859375,0
112,-0.09765625,0.828125,0.09765625,0
113,-0.09765625,0.84375,0.09375,0
114,-0.0859375,0.84765625,0.09765625,0
115,-0.09375,0.81640625,0.1015625,0
116,-0.08984375,0.8359375,0.1015625,0
117,-0.1015625,0.83203125,0.1015625,0
118,-0.08984375,0.828125,0.09375,0
119,-0.08984375,0.828125,0.08984375,0
120,-0.08984375,0.8359375,0.08984375,0
121,-0.08984375,0.83203125,0.08984375,0
122,-0.08203125,0.8359375,0.09375,0
123,-0.0859375,0.83203125,0.08984375,0
124,-0.07421875,0.81640625,0.078125,0
125,-0.0859375,0.82421875,0.09375,0
126,-0.08203125,0.83984375,0.10546875,0
127,-0.0703125,0.84375,0.09375,0
128,-0.08203125,0.8359375,0.09765625,0
129,-0.07421875,0.83203125,0.10546875,0
130,-0.07421875,0.8515625,0.1015625,0
131,-0.0703125,0.83984375,0.09765625,0
132,-0.078125,0.84375,0.09375,0
133,-0.07421875,0.83984375,0.09765625,0
134,-0.0625,0.84375,0.07421875,0
135,-0.08203125,0.8359375,0.09765625,0
136,-0.0703125,0.83984375,0.09375,0
137,-0.07421875,0.84375,0.0859375,0
138,-0.07421875,0.83203125,0.09375,0
139,-0.08203125,0.83984375,0.09765625,0
140,-0.0859375,0.84765625,0.08984375,0
141,-0.0703125,0.83984375,0.09375,0
142,-0.08984375,0.8359375,0.0859375,0
143,-0.08984375,0.84375,0.1015625,0
144,-0.0859375,0.828125,0.08984375,0
145,-0.09765625,0.8359375,0.08984375,0
146,-0.078125,0.8359375,0.08203125,0
147,-0.08203125,0.83203125,0.08984375,0
148,-0.0859375,0.84375,0.09765625,0
149,-0.07421875,0.83203125,0.09765625,0
150,-0.0859375,0.83984375,0.09765625,0
151,-0.0859375,0.8515625,0.08203125,0
152,-0.07421875,0.83203125,0.0703125,0
153,-0.07421875,0.8359375,0.0859375,0
154,-0.06640625,0.8359375,0.0703125,0
155,-0.078125,0.83203125,0.0859375,0
156,-0.07421875,0.85546875,0.09375,0
157,-0.0625,0.84765625,0.09375,0
158,-0.078125,0.83984375,0.08984375,0
159,-0.0859375,0.84765625,0.08984375,0
160,-0.0703125,0.84375,0.08203125,0
161,-0.07421875,0.83984375,0.0859375,0
162,-0.07421875,0.8515625,0.078125,0
163,-0.08203125,0.8515625,0.08984375,0
164,-0.06640625,0.84765625,0.078125,0
165,-0.07421875,0.8359375,0.08984375,0
166,-0.0703125,0.83984375,0.078125,0
167,-0.08984375,0.86328125,0.04296875,0
168,-0.08984375,0.83984375,0.0859375,0
169,-0.0703125,0.84765625,0.078125,0
170,-0.07421875,0.8671875,0.0859375,0
171,-0.08203125,0.85546875,0.0859375,0
172,-0.09375,0.85546875,0.0859375,0
173,-0.07421875,0.84765625,0.08203125,0
174,-0.078125,0.85546875,0.07421875,0
175,-0.07421875,0.8515625,0.08984375,0
176,-0.06640625,0.828125,0.0703125,0
177,-0.08203125,0.84765625,0.09375,0
178,-0.0390625,0.81640625,0.109375,0
179,-0.07421875,0.8359375,0.08984375,0
180,-0.078125,0.84765625,0.08203125,0
181,-0.078125,0.83984375,0.08984375,0
182,-0.07421875,0.8203125,0.08203125,0
183,-0.07421875,0.84375,0.0625,0
184,-0.0703125,0.83984375,0.0859375,0
185,-0.07421875,0.83984375,0.078125,0
186,-0.08203125,0.84375,0.08203125,0
187,-0.06640625,0.83203125,0.07421875,0
188,-0.08203125,0.83203125,0.08203125,0
189,-0.125,0.73828125,0.05078125,0
190,-0.0703125,0.83203125,0.08203125,0
191,-0.07421875,0.83203125,0.09375,0
192,-0.0703125,0.8359375,0.09375,0
193,-0.08203125,0.8359375,0.09375,0
194,-0.078125,0.828125,0.0859375,0
195,-0.07421875,0.83203125,0.078125,0
196,-0.05859375,0.83984375,0.078125,0
197,-0.07421875,0.8515625,0.08984375,0
198,-0.07421875,0.85546875,0.08203125,0
199,-0.078125,0.87109375,0.0859375,0
200,-0.1328125,0.90234375,0.0703125,0
201,-0.0859375,0.859375,0.078125,0
202,-0.0859375,0.84765625,0.08203125,0
203,-0.109375,0.8359375,0.078125,0
204,-0.1015625,0.83984375,0.07421875,0
205,-0.08203125,0.8359375,0.0859375,0
206,-0.09765625,0.8203125,0.09765625,0
207,-0.08203125,0.8203125,0.08984375,0
208,-0.08984375,0.82421875,0.09375,0
209,-0.08203125,0.81640625,0.09375,0
210,-0.0703125,0.828125,0.08984375,0
211,-0.0859375,0.8203125,0.09375,0
212,-0.078125,0.83203125,0.0859375,0
213,-0.078125,0.8203125,0.09375,0
214,-0.06640625,0.84375,0.09765625,0
215,-0.0703125,0.82421875,0.08203125,0
216,-0.07421875,0.85546875,0.09375,0
217,-0.0703125,0.828125,0.09765625,0
218,-0.0703125,0.82421875,0.0859375,0
219,-0.06640625,0.84375,0.08984375,0
220,-0.078125,0.83984375,0.08984375,0
221,-0.05859375,0.85546875,0.0859375,0
222,-0.0703125,0.83984375,0.09375,0
223,-0.07421875,0.84765625,0.09765625,0
224,-0.05859375,0.83203125,0.08203125,0
225,-0.0625,0.8359375,0.09375,0
226,-0.07421875,0.83203125,0.09375,0
227,-0.0625,0.85546875,0.08203125,0
228,-0.06640625,0.84375,0.08984375,0
229,-0.06640625,0.84375,0.08203125,0
230,-0.078125,0.8515625,0.08203125,0
231,-0.0625,0.84375,0.08984375,0
232,-0.07421875,0.84375,0.09375,0
233,-0.0625,0.8359375,0.08203125,0
234,-0.06640625,0.83984375,0.0859375,0
235,-0.0703125,0.8515625,0.09375,0
236,-0.0703125,0.84765625,0.078125,0
237,-0.06640625,0.83984375,0.0859375,0
238,-0.06640625,0.828125,0.0859375,0
239,-0.07421875,0.83984375,0.08203125,0
240,-0.0625,0.83984375,0.0703125,0
241,-0.06640625,0.84765625,0.078125,0
242,-0.078125,0.83984375,0.08984375,0
243,-0.0703125,0.859375,0.09375,0
244,-0.0625,0.8359375,0.08203125,0
245,-0.06640625,0.83984375,0.0859375,0
246,-0.06640625,0.8359375,0.08984375,0
247,-0.06640625,0.8359375,0.08984375,0
248,-0.06640625,0.84375,0.08984375,0
249,-0.0625,0.85546875,0.0859375,0
250,-0.06640625,0.828125,0.078125,0
251,-0.06640625,0.8515625,0.08984375,0
252,-0.0625,0.84375,0.08203125,0
253,-0.078125,0.8359375,0.08203125,0
254,-0.0625,0.84765625,0.078125,0
255,-0.06640625,0.85546875,0.078125,0
256,-0.05859375,0.83984375,0.0859375,0
257,-0.0546875,0.84375,0.08203125,0
258,-0.0625,0.84375,0.09375,0
259,-0.0625,0.84375,0.0859375,0
260,-0.06640625,0.84375,0.08203125,0
261,-0.07421875,0.83203125,0.0703125,0
262,-0.07421875,0.8359375,0.09375,0
263,-0.0625,0.84765625,0.078125,0
264,-0.06640625,0.84765625,0.07421875,0
265,-0.0625,0.8359375,0.0859375,0
266,-0.0625,0.83203125,0.078125,0
267,-0.0703125,0.83984375,0.08203125,0
268,-0.0625,0.84375,0.07421875,0
269,-0.05078125,0.83984375,0.0859375,0
270,-0.0625,0.8359375,0.08203125,0
271,-0.05859375,0.83203125,0.078125,0
272,-0.0546875,0.84375,0.078125,0
273,-0.0703125,0.84765625,0.08984375,0
274,-0.0625,0.83984375,0.08203125,0
275,-0.05859375,0.8515625,0.078125,0
276,-0.0546875,0.85546875,0.0859375,0
277,-0.04296875,0.83984375,0.0703125,0
278,-0.06640625,0.828125,0.09375,0
279,-0.046875,0.84765625,0.078125,0
280,-0.0625,0.8359375,0.0859375,0
281,-0.05859375,0.83984375,0.08984375,0
282,-0.0625,0.85546875,0.08203125,0
283,-0.0546875,0.84375,0.0859375,0
284,-0.05859375,0.85546875,0.078125,0
285,-0.0625,0.85546875,0.09375,0
286,-0.05078125,0.8515625,0.07421875,0
287,-0.046875,0.84765625,0.08203125,0
288,-0.05859375,0.84375,0.08203125,0
289,-0.05859375,0.83984375,0.078125,0
290,-0.05859375,0.84375,0.09375,0
291,-0.05859375,0.8515625,0.078125,0
292,-0.06640625,0.859375,0.1015625,0
293,-0.06640625,0.83203125,0.09375,0
294,-0.0703125,0.8359375,0.0859375,0
295,-0.06640625,0.83984375,0.0859375,0
296,-0.06640625,0.828125,0.078125,0
297,-0.05859375,0.83984375,0.08984375,0
298,-0.046875,0.8359375,0.0703125,0
299,-0.05859375,0.82421875,0.0859375,0
300,-0.0625,0.8359375,0.08984375,0
301,-0.05859375,0.84375,0.08984375,0
302,-0.0703125,0.83203125,0.08203125,0
303,-0.05859375,0.84375,0.08984375,0
304,-0.06640625,0.8203125,0.08984375,0
305,-0.05859375,0.84765625,0.08203125,0
306,-0.0546875,0.8515625,0.08203125,0
307,-0.05078125,0.84765625,0.0703125,0
308,-0.06640625,0.8359375,0.078125,0
309,-0.0625,0.84375,0.078125,0
310,-0.0703125,0.84375,0.09375,0
311,-0.05859375,0.8359375,0.08203125,0
312,-0.06640625,0.84375,0.078125,0
313,-0.05859375,0.83203125,0.078125,0
314,-0.07421875,0.83203125,0.08203125,0
315,-0.0703125,0.8359375,0.08984375,0
316,-0.05078125,0.8359375,0.08203125,0
317,-0.05078125,0.83984375,0.07421875,0
318,-0.06640625,0.84375,0.0859375,0
319,-0.0703125,0.83984375,0.07421875,0
320,-0.0546875,0.8359375,0.08984375,0
321,-0.06640625,0.8359375,0.08203125,0
322,-0.06640625,0.8359375,0.0859375,0
323,-0.0546875,0.83984375,0.0859375,0
324,-0.05078125,0.828125,0.08984375,0
325,-0.06640625,0.8359375,0.0625,0
326,-0.0625,0.85546875,0.0859375,0
327,-0.0625,0.83984375,0.08203125,0
328,-0.0625,0.8515625,0.08984375,0
329,-0.0625,0.83984375,0.08984375,0
330,-0.05859375,0.828125,0.07421875,0
331,-0.06640625,0.85546875,0.0859375,0
332,-0.05078125,0.83984375,0.08203125,0
333,-0.0625,0.84375,0.09375,0
334,-0.0625,0.83984375,0.08203125,0
335,-0.05859375,0.85546875,0.08203125,0
336,-0.0546875,0.84765625,0.07421875,0
337,-0.05859375,0.8359375,0.07421875,0
338,-0.05859375,0.8515625,0.0859375,0
339,-0.0625,0.83984375,0.08984375,0
340,-0.0625,0.85546875,0.08984375,0
341,-0.06640625,0.8515625,0.0859375,0
342,-0.078125,0.84765625,0.078125,0
343,-0.0625,0.84765625,0.078125,0
344,-0.0703125,0.83203125,0.08984375,0
345,-0.06640625,0.85546875,0.08203125,0
346,-0.0625,0.84765625,0.07421875,0
347,-0.0625,0.84375,0.08984375,0
348,-0.0546875,0.83984375,0.0859375,0
349,-0.0546875,0.83984375,0.07421875,0
350,-0.0703125,0.859375,0.09375,0
351,-0.0625,0.83203125,0.078125,0
352,-0.05078125,0.85546875,0.078125,0
353,-0.06640625,0.8515625,0.08203125,0
354,-0.0625,0.83984375,0.0859375,0
355,-0.05859375,0.84765625,0.08203125,0
356,-0.07421875,0.83984375,0.08984375,0
357,-0.08203125,0.8359375,0.0859375,0
358,-0.0625,0.8359375,0.07421875,0
359,-0.0625,0.83984375,0.0859375,0
360,-0.0625,0.83203125,0.0859375,0
361,-0.0703125,0.8359375,0.08203125,0
362,-0.05859375,0.8359375,0.078125,0
363,-0.0703125,0.83203125,0.08203125,0
364,-0.078125,0.85546875,0.08203125,0
365,-0.06640625,0.84765625,0.08203125,0
366,-0.06640625,0.8359375,0.078125,0
367,-0.07421875,0.8671875,0.07421875,0
368,-0.0859375,0.86328125,0.08203125,0
369,-0.08203125,0.85546875,0.0703125,0
370,-0.08984375,0.84375,0.078125,0
371,-0.09765625,0.82421875,0.08203125,0
372,-0.0859375,0.8359375,0.078125,0
373,-0.1015625,0.8125,0.0859375,0
374,-0.08984375,0.828125,0.08203125,0
375,-0.078125,0.828125,0.0859375,0
376,-0.0859375,0.83203125,0.078125,0
377,-0.07421875,0.83984375,0.07421875,0
378,-0.07421875,0.828125,0.09375,0
379,-0.07421875,0.83203125,0.09375,0
380,-0.06640625,0.8359375,0.08984375,0
381,-0.0703125,0.83203125,0.09765625,0
382,-0.0625,0.8359375,0.09375,0
383,-0.0625,0.84375,0.0859375,0
384,-0.05859375,0.84375,0.0859375,0
385,-0.05859375,0.828125,0.078125,0
386,-0.06640625,0.85546875,0.08203125,0
387,-0.06640625,0.8515625,0.08203125,0
388,-0.05859375,0.8515625,0.08203125,0
389,-0.06640625,0.84765625,0.08203125,0
390,-0.0625,0.84765625,0.08203125,0
391,-0.078125,0.85546875,0.09375,0
392,-0.0703125,0.84765625,0.08984375,0
393,-0.078125,0.84375,0.0859375,0
394,-0.0625,0.8515625,0.0859375,0
395,-0.078125,0.8515625,0.08203125,0
396,-0.06640625,0.84765625,0.078125,0
397,-0.0703125,0.8359375,0.0859375,0
398,-0.06640625,0.83203125,0.08203125,0
399,-0.06640625,0.84765625,0.078125,0
400,-0.078125,0.8359375,0.08984375,0
401,-0.08203125,0.8515625,0.08203125,0
402,-0.078125,0.8359375,0.08203125,0
403,-0.0703125,0.84375,0.08203125,0
404,-0.07421875,0.828125,0.078125,0
405,-0.0859375,0.8203125,0.08984375,0
406,-0.078125,0.84765625,0.08984375,0
407,-0.07421875,0.84375,0.0859375,0
408,-0.0703125,0.84375,0.07421875,0
409,-0.0859375,0.83203125,0.0859375,0
410,-0.07421875,0.83984375,0.09375,0
411,-0.09375,0.83203125,0.09375,0
412,-0.07421875,0.83203125,0.08203125,0
413,-0.07421875,0.84765625,0.08984375,0
414,-0.06640625,0.83203125,0.078125,0
415,-0.078125,0.84375,0.08984375,0
416,-0.078125,0.84375,0.08203125,0
417,-0.078125,0.83203125,0.09375,0
418,-0.0859375,0.8359375,0.08984375,0
419,-0.0859375,0.84375,0.0859375,0
420,-0.078125,0.83984375,0.07421875,0
421,-0.08203125,0.84375,0.08203125,0
422,-0.078125,0.83984375,0.078125,0
423,-0.0703125,0.84375,0.0703125,0
424,-0.078125,0.83203125,0.0859375,0
425,-0.08984375,0.828125,0.08984375,0
426,-0.08203125,0.8515625,0.07421875,0
427,-0.08203125,0.84375,0.0859375,0
428,-0.08984375,0.84375,0.08203125,0
429,-0.08203125,0.8515625,0.08203125,0
430,-0.08984375,0.84375,0.078125,0
431,-0.08203125,0.84765625,0.08203125,0
432,-0.078125,0.8359375,0.078125,0
433,-0.07421875,0.83984375,0.07421875,0
434,-0.07421875,0.83203125,0.078125,0
435,-0.078125,0.84375,0.0859375,0
436,-0.06640625,0.8359375,0.08203125,0
437,-0.07421875,0.83203125,0.08203125,0
438,-0.07421875,0.828125,0.07421875,0
439,-0.0859375,0.83203125,0.0859375,0
440,-0.078125,0.83984375,0.07421875,0
441,-0.08203125,0.8359375,0.08984375,0
442,-0.08203125,0.84765625,0.0859375,0
443,-0.0703125,0.84765625,0.0859375,0
444,-0.08203125,0.8359375,0.07421875,0
445,-0.0703125,0.8359375,0.0859375,0
446,-0.07421875,0.84375,0.08203125,0
447,-0.078125,0.84375,0.078125,0
448,-0.07421875,0.828125,0.08203125,0
449,-0.0703125,0.8515625,0.0703125,0
450,-0.078125,0.8359375,0.078125,0
451,-0.07421875,0.85546875,0.0859375,0
452,-0.078125,0.84765625,0.0859375,0
453,-0.078125,0.83984375,0.07421875,0
454,-0.078125,0.8515625,0.0859375,0
455,-0.08984375,0.8515625,0.09375,0
456,-0.07421875,0.8359375,0.078125,0
457,-0.0859375,0.83984375,0.09375,0
458,-0.078125,0.84765625,0.08203125,0
459,-0.08984375,0.84375,0.078125,0
460,-0.08984375,0.84765625,0.0859375,0
461,-0.0703125,0.8203125,0.06640625,0
462,-0.08203125,0.84375,0.09375,0
463,-0.07421875,0.83984375,0.078125,0
464,-0.08203125,0.84375,0.09375,0
465,-0.08984375,0.828125,0.09375,0
466,-0.078125,0.8515625,0.08203125,0
467,-0.08984375,0.8359375,0.08984375,0
468,-0.08203125,0.8359375,0.0859375,0
469,-0.0859375,0.8359375,0.09375,0
470,-0.078125,0.8203125,0.08984375,0
471,-0.08203125,0.84765625,0.0859375,0
472,-0.109375,0.84765625,0.0390625,0
473,-0.09375,0.83984375,0.078125,0
474,-0.08984375,0.84765625,0.07421875,0
475,-0.0859375,0.8359375,0.0703125,0
476,-0.09765625,0.859375,0.078125,0
477,-0.08984375,0.8515625,0.078125,0
478,-0.09375,0.83984375,0.08984375,0
479,-0.0859375,0.828125,0.078125,0
480,-0.0859375,0.83203125,0.0859375,0
481,-0.08984375,0.83203125,0.08203125,0
482,-0.09765625,0.8359375,0.0859375,0
483,-0.1328125,0.80078125,0.125,0
484,-0.08984375,0.81640625,0.09375,0
485,-0.08984375,0.83203125,0.09375,0
486,-0.0703125,0.828125,0.09765625,0
487,-0.07421875,0.83203125,0.1015625,0
488,-0.0703125,0.83203125,0.08984375,0
489,-0.0703125,0.83984375,0.10546875,0
490,-0.08203125,0.83203125,0.1015625,0
491,-0.08984375,0.828125,0.10546875,0
492,-0.0859375,0.83984375,0.109375,0
493,-0.09765625,0.8359375,0.09765625,0
494,-0.109375,0.84375,0.08203125,0
495,-0.09375,0.83984375,0.1015625,0
496,-0.09765625,0.8359375,0.125,0
497,-0.09765625,0.83984375,0.12109375,0
498,-0.08984375,0.83984375,0.12109375,0
499,-0.08984375,0.85546875,0.1328125,0
500,-0.09765625,0.84765625,0.125,0
501,-0.0859375,0.83984375,0.1328125,0
502,-0.125,0.79296875,0.21875,0
503,-0.08203125,0.8515625,0.1171875,0
504,-0.08203125,0.828125,0.1484375,0
505,-0.0859375,0.8359375,0.13671875,0
506,-0.08984375,0.84765625,0.13671875,0
507,-0.09375,0.8515625,0.13671875,0
508,-0.08203125,0.8515625,0.12890625,0
509,-0.09375,0.87890625,0.14453125,0
510,-0.08203125,0.875,0.12109375,0
511,-0.09375,0.90234375,0.1328125,0
512,-0.0859375,0.88671875,0.1484375,0
513,-0.07421875,0.89453125,0.1328125,0
514,-0.0703125,0.91015625,0.14453125,0
515,-0.06640625,0.91015625,0.1484375,0
516,-0.0625,0.90234375,0.14453125,0
517,-0.078125,0.890625,0.15625,0
518,-0.0625,0.87890625,0.15234375,0
519,-0.11328125,0.83984375,0.15625,0
520,-0.1328125,0.8125,0.1484375,0
521,-0.140625,0.8125,0.125,0
522,-0.13671875,0.78515625,0.125,0
523,-0.14453125,0.78125,0.13671875,0
524,-0.14453125,0.77734375,0.1328125,0
525,-0.125,0.78125,0.1328125,0
526,-0.12109375,0.77734375,0.12890625,0
527,-0.10546875,0.77734375,0.12109375,0
528,-0.09375,0.78515625,0.1015625,0
529,-0.0703125,0.78515625,0.0859375,0
530,-0.05859375,0.79296875,0.08203125,0
531,-0.046875,0.80078125,0.05859375,0
532,-0.05078125,0.81640625,0.06640625,0
533,-0.04296875,0.84765625,0.046875,0
534,-0.046875,0.8515625,0.05859375,0
535,-0.05078125,0.859375,0.046875,0
536,-0.0703125,0.8515625,0.05078125,0
537,-0.06640625,0.85546875,0.0390625,0
538,-0.08984375,0.85546875,0.0390625,0
539,-0.1015625,0.84765625,0.0390625,0
540,-0.09765625,0.8671875,0.015625,0
541,-0.1171875,0.87109375,0.046875,0
542,-0.11328125,0.86328125,0.0390625,0
543,-0.12890625,0.8515625,0.03125,0
544,-0.109375,0.85546875,0.01171875,0
545,-0.1171875,0.85546875,0.046875,0
546,-0.09375,0.84375,0.0078125,0
547,-0.109375,0.8359375,-0.0078125,0
548,-0.1171875,0.84375,-0.0078125,0
549,-0.1015625,0.84375,0.0078125,0
550,-0.12890625,0.84375,-0.00390625,0
551,-0.10546875,0.85546875,-0.05859375,0
552,-0.12109375,0.8359375,0.01953125,0
553,-0.08203125,0.82421875,-0.00390625,0
554,-0.05078125,0.859375,-0.046875,0
555,-0.0625,0.8359375,-0.01171875,0
556,-0.0703125,0.8359375,0.0234375,0
557,-0.05859375,0.859375,0.02734375,0
558,-0.0703125,0.8515625,0.01953125,0
559,-0.07421875,0.859375,0.0234375,0
560,-0.0859375,0.859375,-0.01953125,0
561,-0.09765625,0.8515625,0.078125,0
562,-0.09375,0.84765625,0.05078125,0
563,-0.09375,0.8203125,0.046875,0
564,-0.08984375,0.8359375,0.046875,0
565,-0.07421875,0.83984375,0.046875,0
566,-0.08203125,0.83203125,0.046875,0
567,-0.07421875,0.84375,0.078125,0
568,-0.08984375,0.82421875,0.1015625,0
569,-0.078125,0.83984375,0.09375,0
570,-0.08984375,0.8359375,0.1015625,0
571,-0.08203125,0.83203125,0.0859375,0
572,-0.09375,0.83984375,0.1171875,0
573,-0.09375,0.83203125,0.125,0
574,-0.08203125,0.83203125,0.1484375,0
575,-0.09375,0.8515625,0.15234375,0
576,-0.0703125,0.84765625,0.1484375,0
577,-0.06640625,0.859375,0.16015625,0
578,-0.078125,0.859375,0.1875,0
579,-0.07421875,0.8515625,0.1796875,0
580,-0.05859375,0.85546875,0.1796875,0
581,-0.08984375,0.84765625,0.19140625,0
582,-0.1015625,0.83984375,0.1953125,0
583,-0.11328125,0.84765625,0.1953125,0
584,-0.125,0.86328125,0.20703125,0
585,-0.12109375,0.85546875,0.2265625,0
586,-0.125,0.8359375,0.2265625,0
587,-0.14453125,0.82421875,0.24609375,0
588,-0.13671875,0.81640625,0.25390625,0
589,-0.140625,0.81640625,0.2578125,0
590,-0.125,0.8125,0.26171875,0
591,-0.1328125,0.79296875,0.28125,0
592,-0.1328125,0.80078125,0.28515625,0
593,-0.12890625,0.78125,0.296875,0
594,-0.125,0.80078125,0.296875,0
595,-0.1171875,0.796875,0.28515625,0
596,-0.10546875,0.8046875,0.296875,0
597,-0.08984375,0.8203125,0.296875,0
598,-0.08203125,0.8359375,0.28125,0
599,-0.0703125,0.82421875,0.28125,0
600,-0.0625,0.84375,0.27734375,0
601,-0.0546875,0.83203125,0.28125,0
602,-0.05859375,0.8359375,0.28515625,0
603,-0.08203125,0.8359375,0.3125,0
604,-0.078125,0.83203125,0.30078125,0
605,-0.09765625,0.828125,0.27734375,0
606,-0.1171875,0.8125,0.3203125,0
607,-0.12890625,0.79296875,0.3125,0
608,-0.1171875,0.78515625,0.26953125,0
609,-0.140625,0.78125,0.30859375,0
610,-0.1171875,0.78515625,0.3046875,0
611,-0.11328125,0.80078125,0.28125,0
612,-0.08203125,0.77734375,0.25390625,0
613,-0.07421875,0.796875,0.26953125,0
614,-0.046875,0.7890625,0.2890625,0
615,-0.05078125,0.796875,0.265625,0
616,-0.0546875,0.8046875,0.26171875,0
617,-0.0625,0.8046875,0.26171875,0
618,-0.078125,0.81640625,0.33984375,0
619,-0.05859375,0.8203125,0.3046875,0
620,-0.0390625,0.8203125,0.30078125,0
621,-0.0703125,0.84765625,0.3359375,0
622,-0.07421875,0.859375,0.359375,0
623,-0.08203125,0.85546875,0.33984375,0
624,-0.0859375,0.87109375,0.3671875,0
625,-0.1015625,0.859375,0.359375,0
626,-0.10546875,0.84765625,0.3984375,0
627,-0.12109375,0.85546875,0.38671875,0
628,-0.12109375,0.8359375,0.375,0
629,-0.14453125,0.81640625,0.33203125,0
630,-0.125,0.8046875,0.25,0
631,-0.1484375,0.7890625,0.2890625,0
632,-0.1640625,0.78125,0.37109375,0
633,-0.14453125,0.7734375,0.33203125,0
634,-0.15625,0.75390625,0.26171875,0
635,-0.1484375,0.7734375,0.2421875,0
636,-0.07421875,0.78515625,0.11328125,0
637,-0.12109375,0.78125,0.1796875,0
638,-0.08984375,0.79296875,0.23046875,0
639,-0.07421875,0.8125,0.15625,0
640,-0.05859375,0.82421875,0.14453125,0
641,-0.04296875,0.859375,0.08984375,0
642,-0.03125,0.88671875,0.0859375,0
643,-0.01171875,0.88671875,0.05078125,0
644,-0.0234375,0.8984375,0.04296875,0
645,-0.04296875,0.88671875,0.10546875,0
646,-0.05078125,0.87890625,0.18359375,0
647,-0.05859375,0.84765625,0.125,0
648,-0.07421875,0.86328125,0.078125,0
649,-0.08203125,0.83203125,0.03515625,0
650,-0.09375,0.85546875,0.01171875,0
651,-0.10546875,0.85546875,-0.0234375,0
652,-0.109375,0.8671875,-0.02734375,0
653,-0.11328125,0.8671875,-0.046875,0
654,-0.11328125,0.8984375,-0.0546875,0
655,-0.12890625,0.88671875,-0.06640625,0
656,-0.1171875,0.890625,-0.09375,0
657,-0.10546875,0.8828125,-0.1328125,0
658,-0.10546875,0.8828125,-0.12890625,0
659,-0.10546875,0.90234375,-0.13671875,0
660,-0.09375,0.87890625,-0.1328125,0
661,-0.08984375,0.8984375,-0.1484375,0
662,-0.08984375,0.89453125,-0.15625,0
663,-0.08984375,0.90234375,-0.1484375,0
664,-0.0859375,0.90625,-0.140625,0
665,-0.078125,0.89453125,-0.140625,0
666,-0.0859375,0.89453125,-0.12109375,0
667,-0.1015625,0.875,-0.09765625,0
668,-0.10546875,0.890625,-0.06640625,0
669,-0.109375,0.8828125,-0.05859375,0
670,-0.109375,0.90625,-0.046875,0
671,-0.109375,0.89453125,-0.05078125,0
672,-0.1171875,0.92578125,-0.03515625,0
673,-0.10546875,0.953125,-0.05859375,0
674,-0.09765625,0.9609375,-0.0703125,0
675,-0.1015625,0.984375,-0.08984375,0
676,-0.09375,0.984375,-0.09375,0
677,-0.078125,0.99609375,-0.11328125,0
678,-0.07421875,1.0,-0.125,0
679,-0.0625,1.0078125,-0.125,0
680,-0.046875,0.99609375,-0.12890625,0
681,-0.05078125,1.02734375,-0.12109375,0
682,-0.0625,1.00390625,-0.12109375,0
683,-0.0625,1.0,-0.10546875,0
684,-0.06640625,0.97265625,-0.07421875,0
685,-0.06640625,0.9609375,-0.08203125,0
686,-0.08203125,0.91796875,-0.05078125,0
687,-0.09765625,0.90625,-0.05859375,0
688,-0.07421875,0.9140625,-0.01953125,0
689,-0.07421875,0.8671875,-0.0390625,0
690,-0.06640625,0.859375,-0.046875,0
691,-0.02734375,0.84765625,-0.06640625,0
692,-0.00390625,0.828125,-0.1171875,0
693,0.0234375,0.81640625,-0.15234375,0
694,0.0546875,0.78515625,-0.30078125,0
695,0.078125,0.796875,-0.35546875,0
696,0.07421875,0.78515625,-0.421875,0
697,0.0625,0.78515625,-0.42578125,0
698,0.0859375,0.74609375,-0.4765625,0
699,0.08984375,0.71875,-0.49609375,0
700,0.08984375,0.703125,-0.484375,0
701,0.09765625,0.71875,-0.4921875,0
702,0.1015625,0.6796875,-0.4765625,0
703,0.1015625,0.67578125,-0.4453125,0
704,0.11328125,0.6640625,-0.41015625,0
705,0.1328125,0.64453125,-0.41796875,0
706,0.13671875,0.6484375,-0.37890625,0
707,0.15234375,0.66015625,-0.3359375,0
708,0.1640625,0.66015625,-0.31640625,0
709,0.16796875,0.65625,-0.25,0
710,0.1640625,0.62109375,-0.25390625,0
711,0.15234375,0.61328125,-0.25390625,0
712,0.140625,0.61328125,-0.23046875,0
713,0.140625,0.6328125,-0.2421875,0
714,0.12109375,0.62890625,-0.25390625,0
715,0.12109375,0.60546875,-0.28515625,0
716,0.109375,0.61328125,-0.30859375,0
717,0.11328125,0.5859375,-0.3125,0
718,0.12890625,0.59765625,-0.33203125,0
719,0.14453125,0.58203125,-0.375,0
720,0.12890625,0.58984375,-0.421875,0
721,0.1328125,0.57421875,-0.45703125,0
722,0.16015625,0.5703125,-0.453125,0
723,0.15625,0.56640625,-0.44921875,0
724,0.14453125,0.5390625,-0.421875,0
725,0.1328125,0.546875,-0.41015625,0
726,0.11328125,0.5390625,-0.38671875,0
727,0.12890625,0.49609375,-0.4140625,0
728,0.1328125,0.46484375,-0.3984375,0
729,0.15625,0.4296875,-0.39453125,0
730,0.15625,0.37890625,-0.3828125,0
731,0.1484375,0.3515625,-0.390625,0
732,0.12109375,0.390625,-0.3984375,0
733,0.11328125,0.390625,-0.42578125,0
734,0.09375,0.41015625,-0.4453125,0
735,0.08984375,0.421875,-0.46484375,0
736,0.0859375,0.41015625,-0.4765625,0
737,0.078125,0.4140625,-0.484375,0
738,0.078125,0.41796875,-0.5,0
739,0.07421875,0.43359375,-0.4921875,0
740,0.06640625,0.44921875,-0.51171875,0
741,0.0546875,0.484375,-0.54296875,0
742,0.0546875,0.453125,-0.5546875,0
743,0.03125,0.4375,-0.59765625,0
744,-0.00390625,0.421875,-0.62890625,0
745,0.0234375,0.4375,-0.65234375,0
746,0.0,0.4296875,-0.69140625,0
747,-0.00390625,0.43359375,-0.734375,0
748,-0.0078125,0.421875,-0.76953125,0
749,-0.0234375,0.4453125,-0.7890625,0
750,-0.04296875,0.47265625,-0.81640625,0
751,-0.05859375,0.4765625,-0.8359375,0
752,-0.0703125,0.49609375,-0.828125,0
753,-0.0703125,0.53125,-0.8203125,0
754,-0.08203125,0.54296875,-0.83203125,0
755,-0.05859375,0.55078125,-0.84375,0
756,-0.10546875,0.60546875,-0.859375,0
757,-0.09765625,0.671875,-0.8828125,0
758,-0.1015625,0.68359375,-0.875,0
759,-0.09765625,0.6875,-0.8828125,0
760,-0.09375,0.66796875,-0.86328125,0
761,-0.0625,0.6640625,-0.859375,0
762,-0.07421875,0.6328125,-0.8671875,0
763,-0.0546875,0.609375,-0.87109375,0
764,-0.04296875,0.58203125,-0.85546875,0
765,-0.046875,0.5546875,-0.84765625,0
766,-0.0625,0.5625,-0.80078125,0
767,-0.02734375,0.50390625,-0.8046875,0
768,-0.03125,0.4375,-0.77734375,0
769,-0.015625,0.40625,-0.765625,0
770,0.02734375,0.3671875,-0.765625,0
771,0.00390625,0.37109375,-0.77734375,0
772,0.0,0.37109375,-0.7890625,0
773,-0.01171875,0.36328125,-0.82421875,0
774,-0.01171875,0.34765625,-0.84765625,0
775,-0.03515625,0.359375,-0.90234375,0
776,-0.05859375,0.34765625,-0.9375,0
777,-0.16796875,0.375,-1.00390625,0
778,-0.11328125,0.37109375,-1.03515625,0
779,-0.13671875,0.38671875,-1.078125,0
780,-0.1640625,0.3671875,-1.08984375,0
781,-0.16015625,0.390625,-1.1171875,0
782,-0.16796875,0.38671875,-1.140625,0
783,-0.13671875,0.40234375,-1.1484375,0
784,-0.10546875,0.38671875,-1.1484375,0
785,-0.06640625,0.38671875,-1.1328125,0
786,-0.0234375,0.390625,-1.10546875,0
787,0.02734375,0.38671875,-1.09765625,0
788,0.07421875,0.375,-1.06640625,0
789,0.09765625,0.375,-1.05078125,0
790,0.11328125,0.32421875,-1.015625,0
791,0.1015625,0.3203125,-0.99609375,0
792,0.09765625,0.2890625,-0.984375,0
793,0.06640625,0.28515625,-0.96875,0
794,0.02734375,0.28125,-0.96875,0
795,-0.015625,0.2890625,-0.94921875,0
796,-0.0625,0.32421875,-0.91796875,0
797,-0.1171875,0.3671875,-0.9140625,0
798,-0.16015625,0.3828125,-0.90625,0
799,-0.203125,0.41796875,-0.87890625,0
800,-0.21484375,0.4375,-0.8671875,0
801,-0.21875,0.46484375,-0.8359375,0
802,-0.19921875,0.515625,-0.828125,0
803,-0.203125,0.5234375,-0.80078125,0
804,-0.21484375,0.5,-0.7734375,0
805,-0.203125,0.4375,-0.7734375,0
806,-0.19140625,0.3515625,-0.7734375,0
807,-0.1796875,0.2890625,-0.8046875,0
808,-0.1953125,0.2421875,-0.828125,0
809,-0.1875,0.2109375,-0.86328125,0
810,-0.19140625,0.19140625,-0.9140625,0
811,-0.1875,0.171875,-0.9609375,0
812,-0.20703125,0.15234375,-1.015625,0
813,-0.22265625,0.15625,-1.07421875,0
814,-0.2265625,0.17578125,-1.140625,0
815,-0.2265625,0.19921875,-1.203125,0
816,-0.18359375,0.17578125,-1.29296875,0
817,-0.16015625,0.12890625,-1.3203125,0
818,-0.14453125,0.09375,-1.3203125,0
819,-0.1171875,0.046875,-1.328125,0
820,-0.12109375,0.03515625,-1.33984375,0
821,-0.1171875,0.0078125,-1.3359375,0
822,-0.09765625,0.015625,-1.30859375,0
823,-0.0859375,-0.0078125,-1.29296875,0
824,-0.0703125,0.0234375,-1.19921875,0
825,-0.0703125,0.0390625,-1.12109375,0
826,-0.046875,0.0859375,-1.0546875,0
827,-0.0390625,0.125,-0.9765625,0
828,-0.04296875,0.1171875,-0.91015625,0
829,-0.0625,0.12890625,-0.8359375,0
830,-0.06640625,0.140625,-0.79296875,0
831,-0.08984375,0.15234375,-0.76171875,0
832,-0.09375,0.1796875,-0.75390625,0
833,-0.09765625,0.203125,-0.76171875,0
834,-0.10546875,0.1875,-0.79296875,0
835,-0.11328125,0.203125,-0.78515625,0
836,-0.10546875,0.23828125,-0.8046875,0
837,-0.13671875,0.25,-0.80859375,0
838,-0.13671875,0.22265625,-0.828125,0
839,-0.15234375,0.23828125,-0.84375,0
840,-0.1796875,0.234375,-0.8359375,0
841,-0.19921875,0.2265625,-0.828125,0
842,-0.21484375,0.2265625,-0.8359375,0
843,-0.20703125,0.26953125,-0.82421875,0
844,-0.1796875,0.28125,-0.828125,0
845,-0.1484375,0.2890625,-0.82421875,0
846,-0.1328125,0.27734375,-0.8046875,0
847,-0.11328125,0.28515625,-0.80859375,0
848,-0.08203125,0.296875,-0.80859375,0
849,-0.08203125,0.2734375,-0.79296875,0
850,-0.06640625,0.2734375,-0.80078125,0
851,-0.09375,0.26953125,-0.77734375,0
852,-0.11328125,0.26171875,-0.76171875,0
853,-0.10546875,0.2734375,-0.76953125,0
854,-0.11328125,0.28515625,-0.7890625,0
855,-0.109375,0.3203125,-0.76953125,0
856,-0.12109375,0.328125,-0.7890625,0
857,-0.08984375,0.359375,-0.765625,0
858,-0.078125,0.37890625,-0.7734375,0
859,-0.03515625,0.4140625,-0.74609375,0
860,-0.04296875,0.41015625,-0.7578125,0
861,-0.0390625,0.44921875,-0.78125,0
862,-0.0390625,0.43359375,-0.82421875,0
863,-0.06640625,0.46484375,-0.8828125,0
864,-0.0625,0.43359375,-0.9296875,0
865,-0.125,0.40625,-0.9296875,0
866,-0.140625,0.40625,-0.9140625,0
867,-0.16796875,0.37109375,-0.859375,0
868,-0.1953125,0.3671875,-0.8515625,0
869,-0.1953125,0.36328125,-0.8671875,0
870,-0.18359375,0.359375,-0.9140625,0
871,-0.1484375,0.36328125,-1.04296875,0
872,-0.06640625,0.37890625,-1.25390625,0
873,-0.02734375,0.42578125,-1.265625,0
874,0.03515625,0.4140625,-1.24609375,0
875,0.05078125,0.37109375,-1.19140625,0
876,0.078125,0.32421875,-1.13671875,0
877,0.09765625,0.24609375,-1.078125,0
878,0.0859375,0.1953125,-1.02734375,0
879,0.09765625,0.15234375,-0.98046875,0
880,0.12109375,0.140625,-0.92578125,0
881,0.12890625,0.16796875,-0.83984375,0
882,0.1328125,0.2421875,-0.796875,0
883,0.12109375,0.28515625,-0.76171875,0
884,0.078125,0.37109375,-0.75,0
885,0.04296875,0.4296875,-0.76171875,0
886,0.03125,0.48046875,-0.80859375,0
887,-0.0234375,0.48046875,-0.83984375,0
888,-0.05078125,0.49609375,-0.85546875,0
889,-0.046875,0.4921875,-0.89453125,0
890,-0.0625,0.47265625,-0.91796875,0
891,-0.05859375,0.48828125,-0.93359375,0
892,-0.046875,0.46875,-0.91015625,0
893,-0.03515625,0.4453125,-0.90234375,0
894,-0.0078125,0.42578125,-0.86328125,0
895,0.01171875,0.4140625,-0.8515625,0
896,0.03125,0.421875,-0.8515625,0
897,0.03515625,0.390625,-0.85546875,0
898,0.06640625,0.4453125,-0.84375,0
899,0.07421875,0.4375,-0.83984375,0
900,0.0625,0.4609375,-0.828125,0
901,0.046875,0.45703125,-0.828125,0
902,0.03515625,0.44921875,-0.828125,0
903,0.0390625,0.4375,-0.81640625,0
904,0.0234375,0.4140625,-0.80859375,0
905,0.03515625,0.40625,-0.80859375,0
906,0.03125,0.390625,-0.8125,0
907,0.03125,0.36328125,-0.80859375,0
908,0.03515625,0.3671875,-0.8125,0
909,0.03515625,0.3359375,-0.8203125,0
910,0.03515625,0.32421875,-0.8515625,0
911,0.0390625,0.30859375,-0.83984375,0
912,0.03515625,0.3203125,-0.8359375,0
913,0.03515625,0.30078125,-0.84375,0
914,0.0390625,0.29296875,-0.86328125,0
915,0.04296875,0.328125,-0.85546875,0
916,0.02734375,0.33203125,-0.8515625,0
917,0.01171875,0.33203125,-0.85546875,0
918,0.0078125,0.33984375,-0.87109375,0
919,0.0,0.35546875,-0.87109375,0
920,-0.0078125,0.390625,-0.8828125,0
921,0.0,0.37109375,-0.8828125,0
922,-0.0078125,0.38671875,-0.8671875,0
923,0.0078125,0.3984375,-0.8671875,0
924,0.02734375,0.42578125,-0.8515625,0
925,0.03125,0.41796875,-0.84765625,0
926,0.046875,0.41796875,-0.85546875,0
927,0.03125,0.40625,-0.8359375,0
928,0.04296875,0.390625,-0.859375,0
929,0.07421875,0.4140625,-0.8671875,0
930,0.07421875,0.39453125,-0.87890625,0
931,0.0859375,0.40625,-0.890625,0
932,0.1015625,0.41796875,-0.89453125,0
933,0.1015625,0.4453125,-0.8984375,0
934,0.09375,0.45703125,-0.90234375,0
935,0.09375,0.4453125,-0.91015625,0
936,0.0625,0.45703125,-0.90625,0
937,0.04296875,0.4375,-0.90234375,0
938,0.02734375,0.44921875,-0.89453125,0
939,0.01953125,0.4140625,-0.89453125,0
940,0.00390625,0.3671875,-0.90234375,0
941,-0.0078125,0.33984375,-0.8984375,0
942,-0.02734375,0.3125,-0.90625,0
943,-0.0390625,0.2890625,-0.91796875,0
944,-0.02734375,0.2734375,-0.92578125,0
945,-0.015625,0.23828125,-0.90625,0
946,0.00390625,0.21484375,-0.8984375,0
947,0.0,0.20703125,-0.890625,0
948,0.01171875,0.1796875,-0.8828125,0
949,0.0078125,0.1796875,-0.875,0
950,0.01953125,0.1796875,-0.87890625,0
951,0.01953125,0.1953125,-0.875,0
952,0.0234375,0.19921875,-0.87890625,0
953,0.01953125,0.21484375,-0.86328125,0
954,0.00390625,0.21875,-0.86328125,0
955,0.0234375,0.22265625,-0.8671875,0
956,0.0,0.23046875,-0.875,0
957,0.0,0.22265625,-0.875,0
958,0.00390625,0.21875,-0.890625,0
959,-0.01171875,0.2265625,-0.90625,0
960,-0.01953125,0.23046875,-0.91015625,0
961,-0.03125,0.2421875,-0.92578125,0
962,-0.03515625,0.23828125,-0.9453125,0
963,-0.04296875,0.25390625,-0.94921875,0
964,-0.0390625,0.26953125,-0.96484375,0
965,-0.04296875,0.27734375,-0.97265625,0
966,-0.0546875,0.296875,-0.984375,0
967,-0.046875,0.2890625,-1.00390625,0
968,-0.0625,0.3046875,-0.99609375,0
969,-0.0703125,0.3203125,-0.98828125,0
970,-0.078125,0.328125,-0.9921875,0
971,-0.0625,0.31640625,-1.015625,0
972,-0.078125,0.3046875,-1.015625,0
973,-0.08203125,0.296875,-1.0078125,0
974,-0.09765625,0.3046875,-1.0,0
975,-0.08984375,0.26953125,-0.99609375,0
976,-0.09375,0.2734375,-0.9921875,0
977,-0.109375,0.26171875,-0.94140625,0
978,-0.08984375,0.234375,-0.953125,0
979,-0.07421875,0.23828125,-0.9375,0
980,-0.07421875,0.2265625,-0.9375,0
981,-0.0703125,0.203125,-0.93359375,0
982,-0.05078125,0.19921875,-0.9140625,0
983,-0.0546875,0.19921875,-0.890625,0
984,-0.03125,0.18359375,-0.90625,0
985,-0.01171875,0.1953125,-0.890625,0
986,-0.0078125,0.1953125,-0.89453125,0
987,-0.015625,0.19921875,-0.8984375,0
988,-0.0234375,0.2109375,-0.89453125,0
989,-0.04296875,0.24609375,-0.87890625,0
990,-0.05859375,0.23046875,-0.88671875,0
991,-0.06640625,0.25,-0.87890625,0
992,-0.06640625,0.24609375,-0.91796875,0
993,-0.06640625,0.25390625,-0.90625,0
994,-0.07421875,0.265625,-0.91015625,0
995,-0.0625,0.2578125,-0.91796875,0
996,-0.06640625,0.2734375,-0.921875,0
997,-0.046875,0.24609375,-0.89453125,0
998,-0.015625,0.25,-0.8984375,0
999,-0.01953125,0.23046875,-0.90625,0
1000,-0.00390625,0.234375,-0.91796875,0
1001,-0.0078125,0.25,-0.9296875,0
1002,-0.00390625,0.24609375,-0.921875,0
1003,-0.01953125,0.25,-0.9296875,0
1004,-0.01953125,0.25,-0.9375,0
1005,-0.00390625,0.234375,-0.94140625,0
1006,-0.0078125,0.24609375,-0.94921875,0
1007,0.0,0.23046875,-0.96875,0
1008,0.0,0.2421875,-0.96875,0
1009,0.02734375,0.2421875,-0.96484375,0
1010,0.03125,0.25,-0.9765625,0
1011,0.02734375,0.26171875,-0.96484375,0
1012,0.03125,0.2578125,-0.9765625,0
1013,0.03515625,0.265625,-0.94921875,0
1014,0.03515625,0.28125,-0.93359375,0
1015,0.0390625,0.27734375,-0.93359375,0
1016,0.04296875,0.27734375,-0.9375,0
1017,0.046875,0.2734375,-0.921875,0
1018,0.03125,0.28515625,-0.9140625,0
1019,0.03125,0.265625,-0.91796875,0
1020,0.03515625,0.26953125,-0.9296875,0
1021,0.03125,0.26171875,-0.9296875,0
1022,0.01953125,0.26953125,-0.92578125,0
1023,0.01171875,0.2578125,-0.9296875,0
1024,0.0078125,0.26171875,-0.9375,0
1025,0.01953125,0.23828125,-0.9375,0
1026,0.00390625,0.2578125,-0.953125,0
1027,0.00390625,0.25,-0.9375,0
1028,0.0078125,0.26171875,-0.953125,0
1029,-0.00390625,0.23046875,-0.96484375,0
1030,0.015625,0.2421875,-0.98046875,0
1031,0.01953125,0.2421875,-0.98046875,0
1032,0.02734375,0.234375,-1.0,0
1033,0.0390625,0.22265625,-0.98828125,0
1034,0.03515625,0.234375,-0.9921875,0
1035,0.03125,0.23046875,-0.98046875,0
1036,0.03125,0.21484375,-0.96484375,0
1037,0.078125,0.25,-0.9609375,0
1038,0.03515625,0.2265625,-0.953125,0
1039,0.03125,0.21875,-0.94921875,0
1040,0.03125,0.23046875,-0.94921875,0
1041,0.02734375,0.23046875,-0.921875,0
1042,0.00390625,0.2421875,-0.91015625,0
1043,0.01953125,0.23828125,-0.88671875,0
1044,0.03125,0.24609375,-0.875,0
1045,0.0234375,0.2421875,-0.84765625,0
1046,0.03125,0.25390625,-0.83984375,0
1047,0.03125,0.25,-0.82421875,0
1048,0.05078125,0.2109375,-0.828125,0
1049,0.05078125,0.25390625,-0.84765625,0
1050,0.04296875,0.25,-0.859375,0
1051,0.03125,0.2421875,-0.86328125,0
1052,0.04296875,0.23828125,-0.921875,0
1053,0.03125,0.234375,-0.92578125,0
1054,0.015625,0.23828125,-0.94921875,0
1055,0.015625,0.2421875,-0.95703125,0
1056,0.0234375,0.23046875,-0.98046875,0
1057,0.01953125,0.19921875,-0.98828125,0
1058,0.015625,0.21875,-0.9921875,0
1059,0.04296875,0.171875,-0.984375,0
1060,0.0234375,0.21484375,-1.03125,0
1061,0.0234375,0.21484375,-1.0234375,0
1062,0.015625,0.1953125,-1.01953125,0
1063,0.0,0.1875,-1.03125,0
1064,0.015625,0.1640625,-1.0078125,0
1065,0.01953125,0.1953125,-1.015625,0
1066,0.03125,0.1640625,-1.0,0
1067,0.03125,0.1484375,-0.99609375,0
1068,0.03125,0.16796875,-0.96875,0
1069,0.04296875,0.1484375,-0.98046875,0
1070,0.01171875,0.19140625,-0.99609375,0
1071,0.03125,0.15625,-0.94921875,0
1072,0.03125,0.1328125,-0.9296875,0
1073,0.03125,0.12890625,-0.953125,0
1074,0.03515625,0.125,-0.94140625,0
1075,0.0234375,0.1484375,-0.95703125,0
1076,0.0,0.15234375,-0.9609375,0
1077,-0.0234375,0.13671875,-0.9296875,0
1078,0.0,0.1640625,-0.98828125,0
1079,-0.00390625,0.15625,-0.9765625,0
1080,0.0,0.14453125,-0.99609375,0
1081,-0.00390625,0.13671875,-0.94921875,0
1082,0.0,0.12890625,-0.98046875,0
1083,-0.01171875,0.13671875,-0.9765625,0
1084,0.01171875,0.13671875,-1.0234375,0
1085,0.015625,0.125,-1.02734375,0
1086,0.01953125,0.1328125,-1.015625,0
1087,0.03125,0.11328125,-1.01953125,0
1088,0.015625,0.11328125,-1.0,0
1089,0.0078125,0.1171875,-0.984375,0
1090,0.03515625,0.125,-1.03515625,0
1091,0.01953125,0.125,-1.0234375,0
1092,-0.015625,0.10546875,-1.02734375,0
1093,0.02734375,0.1015625,-1.015625,0
1094,0.02734375,0.1171875,-1.00390625,0
1095,0.0234375,0.1328125,-1.0078125,0
1096,0.03515625,0.1328125,-1.00390625,0
1097,0.02734375,0.13671875,-1.0078125,0
1098,0.01953125,0.12890625,-1.02734375,0
1099,0.03515625,0.15625,-0.9921875,0
1100,0.03125,0.13671875,-0.98828125,0
1101,0.01171875,0.15625,-0.953125,0
1102,0.03515625,0.1640625,-1.01171875,0
1103,0.03125,0.15625,-1.0234375,0
1104,0.0234375,0.1640625,-1.0234375,0
1105,0.01171875,0.140625,-1.01171875,0
1106,0.015625,0.1875,-1.0,0
1107,0.02734375,0.12890625,-0.9921875,0
1108,0.03515625,0.15234375,-0.9921875,0
1109,0.03125,0.16015625,-0.984375,0
1110,0.02734375,0.16015625,-0.984375,0
1111,0.0234375,0.15625,-0.96484375,0
1112,0.0234375,0.16796875,-0.96484375,0
1113,0.02734375,0.16796875,-0.96484375,0
1114,0.03515625,0.171875,-0.97265625,0
1115,0.01953125,0.15625,-0.9453125,0
1116,0.02734375,0.171875,-0.9375,0
1117,0.0078125,0.1640625,-1.015625,0
1118,0.02734375,0.203125,-0.98046875,0
1119,0.03125,0.16796875,-0.96484375,0
1120,0.03125,0.1796875,-0.97265625,0
1121,0.02734375,0.1796875,-0.96875,0
1122,0.0234375,0.17578125,-0.95703125,0
1123,0.02734375,0.1953125,-0.96875,0
1124,0.03515625,0.1796875,-0.9765625,0
1125,0.03515625,0.19140625,-0.97265625,0
1126,0.03515625,0.2109375,-0.97265625,0
1127,0.03515625,0.21875,-0.953125,0
1128,0.0234375,0.20703125,-0.95703125,0
1129,0.03125,0.2109375,-0.9921875,0
1130,0.0234375,0.1953125,-0.96484375,0
1131,0.01171875,0.1875,-0.97265625,0
1132,0.015625,0.1796875,-0.9765625,0
1133,0.015625,0.171875,-0.9765625,0
1134,0.01171875,0.1875,-0.98046875,0
1135,0.0078125,0.16796875,-0.984375,0
1136,0.01953125,0.1796875,-0.97265625,0
1137,0.015625,0.1796875,-0.96875,0
1138,0.015625,0.1875,-0.96484375,0
1139,0.03125,0.203125,-0.97265625,0
1140,0.01953125,0.19140625,-0.953125,0
1141,0.03125,0.19921875,-0.953125,0
1142,0.0390625,0.20703125,-0.9609375,0
1143,0.03515625,0.21875,-0.953125,0
1144,0.05078125,0.22265625,-0.96484375,0
1145,0.03515625,0.23828125,-0.94140625,0
1146,0.0390625,0.21484375,-0.95703125,0
1147,0.0390625,0.234375,-0.94921875,0
1148,0.0390625,0.2421875,-0.96484375,0
1149,0.03125,0.234375,-0.94140625,0
1150,0.03125,0.23828125,-0.94140625,0
1151,0.03515625,0.234375,-0.9453125,0
1152,0.03515625,0.23828125,-0.953125,0
1153,0.03515625,0.2265625,-0.9453125,0
1154,0.03515625,0.23828125,-0.96484375,0
1155,0.03515625,0.2421875,-0.9609375,0
1156,0.03125,0.24609375,-0.9453125,0
1157,0.03125,0.23828125,-0.95703125,0
1158,0.03125,0.234375,-0.94921875,0
1159,0.03125,0.23828125,-0.94921875,0
1160,0.03125,0.24609375,-0.9453125,0
1161,0.02734375,0.2421875,-0.94921875,0
1162,0.03125,0.2421875,-0.95703125,0
1163,0.03125,0.23046875,-0.94140625,0
1164,0.01953125,0.234375,-0.96484375,0
1165,0.03125,0.23828125,-0.9453125,0
1166,0.03515625,0.2421875,-0.9375,0
1167,0.03125,0.21875,-0.9375,0
1168,0.02734375,0.24609375,-0.9375,0
1169,0.03125,0.24609375,-0.953125,0
1170,0.03515625,0.23828125,-0.94921875,0
1171,0.03125,0.24609375,-0.94140625,0
1172,0.03125,0.23046875,-0.92578125,0
1173,0.03125,0.25390625,-0.92578125,0
1174,0.03125,0.2421875,-0.91796875,0
1175,0.03125,0.25,-0.92578125,0
1176,0.03125,0.2578125,-0.90234375,0
1177,0.03125,0.26171875,-0.92578125,0
1178,0.03125,0.25390625,-0.9140625,0
1179,0.01953125,0.28125,-0.92578125,0
1180,0.03515625,0.26953125,-0.9140625,0
1181,0.03125,0.27734375,-0.921875,0
1182,0.03125,0.28515625,-0.921875,0
1183,0.02734375,0.2890625,-0.921875,0
1184,0.015625,0.28125,-0.9296875,0
1185,0.03125,0.28125,-0.9296875,0
1186,0.0078125,0.28125,-0.92578125,0
1187,0.0234375,0.28125,-0.93359375,0
1188,0.0078125,0.28515625,-0.92578125,0
1189,-0.01171875,0.28125,-0.9453125,0
1190,-0.015625,0.2890625,-0.91015625,0
1191,0.0078125,0.2734375,-0.9296875,0
1192,0.0,0.28515625,-0.91796875,0
1193,0.015625,0.28125,-0.92578125,0
1194,0.01171875,0.28515625,-0.91796875,0
1195,0.0234375,0.28515625,-0.9296875,0
1196,0.03125,0.29296875,-0.93359375,0
1197,0.01953125,0.28125,-0.9140625,0
1198,0.03125,0.2890625,-0.9140625,0
1199,0.01953125,0.28125,-0.90625,0
1200,0.03125,0.2890625,-0.92578125,0
1201,0.0234375,0.28515625,-0.921875,0
1202,0.02734375,0.2890625,-0.921875,0
1203,0.01953125,0.28125,-0.90625,0
1204,0.0234375,0.29296875,-0.90234375,0
1205,0.03125,0.296875,-0.90234375,0
1206,0.01171875,0.2890625,-0.90625,0
1207,0.0234375,0.29296875,-0.90625,0
1208,0.0078125,0.2890625,-0.8984375,0
1209,0.0078125,0.3046875,-0.90625,0
1210,0.00390625,0.30078125,-0.88671875,0
1211,0.00390625,0.30078125,-0.90625,0
1212,0.00390625,0.30859375,-0.8984375,0
1213,0.0078125,0.30859375,-0.89453125,0
1214,0.01171875,0.30859375,-0.89453125,0
1215,0.01171875,0.3203125,-0.89453125,0
1216,0.0234375,0.30859375,-0.89453125,0
1217,0.01171875,0.33203125,-0.90234375,0
1218,0.0234375,0.32421875,-0.8984375,0
1219,0.015625,0.32421875,-0.90234375,0
1220,0.01171875,0.3203125,-0.89453125,0
1221,0.015625,0.31640625,-0.8984375,0
1222,0.0078125,0.31640625,-0.90625,0
1223,0.0078125,0.30078125,-0.89453125,0
1224,0.0,0.32421875,-0.90625,0
1225,0.0,0.31640625,-0.88671875,0
1226,0.01171875,0.31640625,-0.8984375,0
1227,-0.00390625,0.296875,-0.89453125,0
1228,0.0,0.32421875,-0.88671875,0
1229,0.00390625,0.3046875,-0.8984375,0
1230,0.00390625,0.3125,-0.89453125,0
1231,0.01953125,0.3046875,-0.90625,0
1232,0.01171875,0.30859375,-0.90625,0
1233,0.01171875,0.33203125,-0.90234375,0
1234,0.00390625,0.30078125,-0.89453125,0
1235,0.02734375,0.32421875,-0.89453125,0
1236,0.01953125,0.31640625,-0.890625,0
1237,0.0,0.3203125,-0.8828125,0
1238,0.0078125,0.328125,-0.89453125,0
1239,0.015625,0.31640625,-0.90234375,0
1240,0.02734375,0.3203125,-0.91015625,0
1241,0.01953125,0.33984375,-0.89453125,0
1242,0.02734375,0.33984375,-0.890625,0
1243,0.01171875,0.328125,-0.8828125,0
1244,0.02734375,0.3359375,-0.87890625,0
1245,0.015625,0.31640625,-0.88671875,0
1246,0.015625,0.3359375,-0.88671875,0
1247,0.015625,0.32421875,-0.89453125,0
1248,0.02734375,0.32421875,-0.890625,0
1249,0.015625,0.328125,-0.88671875,0
1250,0.01171875,0.33203125,-0.87890625,0
1251,0.015625,0.3203125,-0.890625,0
1252,0.015625,0.33203125,-0.89453125,0
1253,0.00390625,0.33203125,-0.8828125,0
1254,0.015625,0.328125,-0.8828125,0
1255,0.0078125,0.328125,-0.87890625,0
1256,0.0078125,0.31640625,-0.87890625,0
1257,0.0,0.32421875,-0.88671875,0
1258,0.0,0.3203125,-0.890625,0
1259,0.015625,0.3046875,-0.890625,0
1260,0.01953125,0.3125,-0.88671875,0
1261,0.02734375,0.31640625,-0.90234375,0
1262,0.01953125,0.32421875,-0.89453125,0
1263,0.00390625,0.3203125,-0.8984375,0
1264,-0.00390625,0.31640625,-0.89453125,0
1265,-0.01953125,0.32421875,-0.8828125,0
1266,-0.02734375,0.3359375,-0.90234375,0
1267,-0.03125,0.3125,-0.890625,0
1268,-0.03125,0.31640625,-0.8984375,0
1269,-0.02734375,0.30859375,-0.8984375,0
1270,-0.0234375,0.31640625,-0.90234375,0
1271,-0.015625,0.30859375,-0.91015625,0
1272,-0.00390625,0.30078125,-0.90625,0
1273,0.0078125,0.3125,-0.9140625,0
1274,0.01171875,0.2890625,-0.9140625,0
1275,0.0078125,0.30078125,-0.89453125,0
1276,0.0234375,0.31640625,-0.89453125,0
1277,0.015625,0.3046875,-0.89453125,0
1278,0.0,0.30078125,-0.8828125,0
1279,0.015625,0.3203125,-0.8828125,0
1280,0.01171875,0.3125,-0.8984375,0
1281,0.00390625,0.31640625,-0.8984375,0
1282,0.00390625,0.31640625,-0.8828125,0
1283,0.00390625,0.30859375,-0.89453125,0
1284,-0.01953125,0.3203125,-0.88671875,0
1285,-0.00390625,0.328125,-0.89453125,0
1286,0.01171875,0.32421875,-0.8984375,0
1287,0.0078125,0.3125,-0.89453125,0
1288,0.0078125,0.31640625,-0.90234375,0
1289,-0.0078125,0.31640625,-0.89453125,0
1290,-0.00390625,0.30859375,-0.88671875,0
1291,-0.0078125,0.3125,-0.90234375,0
1292,0.00390625,0.296875,-0.8984375,0
1293,-0.0078125,0.31640625,-0.90625,0
1294,-0.015625,0.3046875,-0.8828125,0
1295,-0.0078125,0.31640625,-0.90234375,0
1296,-0.015625,0.30859375,-0.90625,0
1297,-0.01953125,0.30859375,-0.91015625,0
1298,-0.0078125,0.30859375,-0.89453125,0
1299,0.00390625,0.3046875,-0.90234375,0
1300,-0.015625,0.30078125,-0.90625,0
1301,0.0,0.29296875,-0.91015625,0
1302,-0.01171875,0.296875,-0.91796875,0
1303,0.00390625,0.3125,-0.9140625,0
1304,0.0078125,0.31640625,-0.9140625,0
1305,0.0,0.29296875,-0.9140625,0
1306,-0.00390625,0.296875,-0.9140625,0
1307,0.00390625,0.296875,-0.90625,0
1308,0.01171875,0.30859375,-0.921875,0
1309,0.01171875,0.28515625,-0.91796875,0
1310,0.00390625,0.2890625,-0.9140625,0
1311,0.015625,0.296875,-0.90234375,0
1312,0.00390625,0.2890625,-0.90234375,0
1313,0.01953125,0.28125,-0.90625,0
1314,0.0,0.3046875,-0.91015625,0
1315,-0.0078125,0.296875,-0.9140625,0
1316,0.0078125,0.30078125,-0.91796875,0
1317,0.0078125,0.30078125,-0.91015625,0
1318,0.0,0.29296875,-0.91796875,0
1319,0.0078125,0.3125,-0.91796875,0
1320,0.0,0.29296875,-0.90625,0
1321,-0.0078125,0.30078125,-0.90625,0
1322,-0.0078125,0.2890625,-0.90625,0
1323,-0.015625,0.3125,-0.9140625,0
1324,-0.0078125,0.28515625,-0.921875,0
1325,-0.00390625,0.2890625,-0.9140625,0
1326,-0.0078125,0.28515625,-0.92578125,0
1327,-0.0234375,0.30078125,-0.91015625,0
1328,-0.00390625,0.30078125,-0.91796875,0
1329,-0.01171875,0.2890625,-0.9140625,0
1330,-0.01171875,0.30859375,-0.91015625,0
1331,0.0078125,0.34765625,-0.9140625,0
1332,-0.0078125,0.3046875,-0.91015625,0
1333,-0.0078125,0.30078125,-0.90234375,0
1334,-0.0078125,0.3046875,-0.90625,0
1335,-0.015625,0.30078125,-0.8984375,0
1336,-0.01953125,0.296875,-0.90234375,0
1337,0.0,0.296875,-0.921875,0
1338,-0.00390625,0.3046875,-0.91015625,0
1339,-0.00390625,0.30859375,-0.91015625,0
1340,0.0,0.30859375,-0.91796875,0
1341,-0.01171875,0.30078125,-0.91015625,0
1342,-0.03515625,0.31640625,-0.890625,0
1343,-0.00390625,0.296875,-0.90625,0
1344,-0.00390625,0.30078125,-0.91796875,0
1345,-0.01171875,0.29296875,-0.91015625,0
1346,0.0,0.29296875,-0.8984375,0
1347,-0.0078125,0.30078125,-0.90234375,0
1348,0.01953125,0.2890625,-0.921875,0
1349,0.00390625,0.29296875,-0.90234375,0
1350,0.0078125,0.3046875,-0.91015625,0
1351,-0.00390625,0.28515625,-0.91796875,0
1352,-0.00390625,0.29296875,-0.90234375,0
1353,-0.04296875,0.2890625,-0.90234375,0
1354,-0.0078125,0.28515625,-0.91796875,0
1355,0.00390625,0.296875,-0.91015625,0
1356,-0.0078125,0.29296875,-0.91796875,0
1357,-0.01171875,0.28125,-0.9140625,0
1358,0.0,0.29296875,-0.90625,0
1359,0.0,0.29296875,-0.91796875,0
1360,0.0,0.28125,-0.9140625,0
1361,0.0,0.28125,-0.921875,0
1362,0.0,0.30078125,-0.921875,0
1363,-0.00390625,0.30859375,-0.921875,0
1364,-0.04296875,0.296875,-0.9296875,0
1365,-0.01171875,0.296875,-0.9140625,0
1366,-0.01953125,0.32421875,-0.9140625,0
1367,-0.0078125,0.29296875,-0.91796875,0
1368,0.0,0.30859375,-0.90625,0
1369,0.0078125,0.30078125,-0.91796875,0
1370,-0.015625,0.296875,-0.91015625,0
1371,0.00390625,0.30078125,-0.9140625,0
1372,-0.01953125,0.2890625,-0.91015625,0
1373,-0.00390625,0.296875,-0.90234375,0
1374,0.00390625,0.29296875,-0.90625,0
1375,-0.04296875,0.30859375,-0.93359375,0
1376,-0.00390625,0.27734375,-0.90234375,0
1377,-0.01171875,0.296875,-0.90234375,0
1378,0.0,0.296875,-0.9140625,0
1379,0.0078125,0.29296875,-0.91015625,0
1380,0.0078125,0.29296875,-0.9140625,0
1381,0.0,0.2890625,-0.91796875,0
1382,0.00390625,0.296875,-0.90234375,0
1383,0.00390625,0.296875,-0.91796875,0
1384,0.0,0.29296875,-0.90234375,0
1385,0.01171875,0.2890625,-0.9140625,0
1386,-0.0078125,0.296875,-0.91015625,0
1387,-0.015625,0.28515625,-0.9140625,0
1388,-0.01171875,0.28125,-0.92578125,0
1389,-0.015625,0.28515625,-0.91796875,0
1390,-0.015625,0.29296875,-0.91015625,0
1391,-0.01171875,0.2890625,-0.91796875,0
1392,-0.01171875,0.296875,-0.921875,0
1393,-0.0234375,0.28125,-0.9140625,0
1394,-0.0078125,0.28515625,-0.91015625,0
1395,-0.01171875,0.2890625,-0.9140625,0
1396,-0.015625,0.30859375,-0.90234375,0
1397,-0.015625,0.30859375,-0.90625,0
1398,-0.0078125,0.31640625,-0.90234375,0
1399,-0.01953125,0.3125,-0.91796875,0
1400,-0.0234375,0.30078125,-0.91796875,0
1401,0.0,0.29296875,-0.91796875,0
1402,-0.015625,0.29296875,-0.91015625,0
1403,-0.00390625,0.29296875,-0.91015625,0
1404,-0.015625,0.30078125,-0.90625,0
1405,-0.01171875,0.296875,-0.9140625,0
1406,-0.00390625,0.27734375,-0.90234375,0
1407,-0.00390625,0.30078125,-0.90625,0
1408,0.00390625,0.2890625,-0.8984375,0
1409,-0.01171875,0.3046875,-0.89453125,0
1410,0.0078125,0.29296875,-0.90234375,0
1411,0.00390625,0.29296875,-0.91796875,0
1412,-0.00390625,0.296875,-0.9296875,0
1413,0.0,0.296875,-0.90625,0
1414,-0.0078125,0.296875,-0.9140625,0
1415,-0.01171875,0.296875,-0.90234375,0
1416,-0.015625,0.29296875,-0.91015625,0
1417,0.0,0.30859375,-0.91015625,0
1418,-0.015625,0.30078125,-0.921875,0
1419,-0.0078125,0.2890625,-0.91796875,0
1420,0.00390625,0.29296875,-0.91796875,0
1421,-0.00390625,0.29296875,-0.91796875,0
1422,-0.00390625,0.28515625,-0.91015625,0
1423,-0.00390625,0.30078125,-0.9140625,0
1424,0.0,0.2890625,-0.92578125,0
1425,-0.0078125,0.30078125,-0.91015625,0
1426,-0.01171875,0.29296875,-0.91015625,0
1427,-0.01171875,0.296875,-0.90625,0
1428,-0.00390625,0.2890625,-0.90625,0
1429,-0.00390625,0.29296875,-0.91015625,0
1430,-0.00390625,0.30078125,-0.9140625,0
1431,-0.00390625,0.29296875,-0.90625,0
1432,-0.01171875,0.296875,-0.90234375,0
1433,-0.00390625,0.3046875,-0.9140625,0
1434,-0.00390625,0.28515625,-0.90625,0
1435,-0.0078125,0.30078125,-0.90234375,0
1436,0.00390625,0.31640625,-0.90625,0
1437,0.0,0.3125,-0.90625,0
1438,-0.015625,0.29296875,-0.91015625,0
1439,-0.00390625,0.30078125,-0.91015625,0
1440,0.00390625,0.29296875,-0.9140625,0
1441,-0.00390625,0.30078125,-0.90234375,0
1442,0.0,0.29296875,-0.91015625,0
1443,0.01171875,0.28515625,-0.91015625,0
1444,0.0,0.2890625,-0.9140625,0
1445,-0.0078125,0.3046875,-0.90234375,0
1446,-0.00390625,0.3046875,-0.91796875,0
1447,-0.00390625,0.29296875,-0.91015625,0
1448,-0.00390625,0.3046875,-0.8984375,0
1449,0.00390625,0.296875,-0.91015625,0
1450,-0.0078125,0.2890625,-0.90234375,0
1451,-0.00390625,0.30859375,-0.92578125,0
1452,-0.00390625,0.30078125,-0.91796875,0
1453,-0.015625,0.30078125,-0.9140625,0
1454,-0.0234375,0.296875,-0.90625,0
1455,-0.01953125,0.28515625,-0.90625,0
1456,-0.015625,0.2890625,-0.9140625,0
1457,-0.015625,0.296875,-0.91796875,0
1458,-0.015625,0.30859375,-0.91015625,0
1459,-0.015625,0.2890625,-0.9140625,0
1460,-0.00390625,0.28515625,-0.91015625,0
1461,-0.00390625,0.30078125,-0.90625,0
1462,0.015625,0.2890625,-0.921875,0
1463,-0.00390625,0.33203125,-0.91015625,0
1464,-0.01171875,0.28515625,-0.8984375,0
1465,-0.0078125,0.2890625,-0.9140625,0
1466,0.00390625,0.3046875,-0.91015625,0
1467,-0.00390625,0.29296875,-0.90625,0
1468,-0.0078125,0.2890625,-0.91015625,0
1469,-0.01953125,0.28515625,-0.890625,0
1470,0.0,0.296875,-0.91796875,0
1471,-0.0078125,0.3046875,-0.90625,0
1472,-0.00390625,0.3046875,-0.90625,0
1473,-0.01171875,0.2890625,-0.89453125,0
1474,-0.01171875,0.3046875,-0.890625,0
1475,0.0078125,0.3125,-0.91796875,0
1476,0.0,0.3046875,-0.9140625,0
1477,0.01171875,0.30859375,-0.9140625,0
1478,0.0078125,0.31640625,-0.9140625,0
1479,0.00390625,0.3046875,-0.91015625,0
1480,-0.00390625,0.3203125,-0.90234375,0
1481,0.0,0.31640625,-0.91015625,0
1482,-0.00390625,0.31640625,-0.9140625,0
1483,-0.01171875,0.30859375,-0.89453125,0
1484,-0.01953125,0.30859375,-0.90625,0
1485,-0.01953125,0.296875,-0.90234375,0
1486,-0.01953125,0.2890625,-0.921875,0
1487,-0.00390625,0.28125,-0.921875,0
1488,-0.01171875,0.28515625,-0.90234375,0
1489,-0.015625,0.27734375,-0.90234375,0
1490,0.0,0.27734375,-0.9140625,0
1491,-0.00390625,0.28515625,-0.92578125,0
1492,-0.00390625,0.27734375,-0.9296875,0
1493,0.0,0.28125,-0.921875,0
1494,-0.00390625,0.28125,-0.91796875,0
1495,-0.00390625,0.28515625,-0.921875,0
1496,-0.00390625,0.28515625,-0.91796875,0
1497,-0.00390625,0.28515625,-0.91796875,0
1498,-0.00390625,0.29296875,-0.92578125,0
1499,-0.0078125,0.29296875,-0.90625,0
1500,-0.00390625,0.28125,-0.91796875,0
1501,0.0078125,0.2890625,-0.91015625,0
1502,0.0,0.28515625,-0.91015625,0
1503,-0.0078125,0.28515625,-0.9140625,0
1504,-0.00390625,0.28515625,-0.91015625,0
1505,0.0,0.2890625,-0.91015625,0
1506,0.01171875,0.29296875,-0.92578125,0
1507,0.0,0.30078125,-0.91796875,0
1508,-0.00390625,0.31640625,-0.9140625,0
1509,-0.01171875,0.30078125,-0.90625,0
1510,-0.0078125,0.3046875,-0.921875,0
1511,-0.00390625,0.296875,-0.91015625,0
1512,0.0,0.29296875,-0.9140625,0
1513,0.0,0.296875,-0.9140625,0
1514,0.0,0.30859375,-0.91796875,0
1515,0.0078125,0.29296875,-0.91015625,0
1516,-0.00390625,0.28515625,-0.9140625,0
1517,0.0,0.2890625,-0.91015625,0
1518,0.01171875,0.29296875,-0.91796875,0
1519,-0.00390625,0.30078125,-0.9140625,0
1520,0.0078125,0.2890625,-0.90625,0
1521,0.00390625,0.28515625,-0.921875,0
1522,-0.0078125,0.28515625,-0.91796875,0
1523,-0.01953125,0.27734375,-0.93359375,0
1524,-0.01171875,0.28515625,-0.90625,0
1525,-0.00390625,0.28515625,-0.91796875,0
1526,0.0,0.28515625,-0.91796875,0
1527,0.00390625,0.28125,-0.90234375,0
1528,0.00390625,0.30078125,-0.91796875,0
1529,0.0,0.30078125,-0.9140625,0
1530,-0.00390625,0.30859375,-0.9140625,0
1531,0.0078125,0.3125,-0.91796875,0
1532,0.0,0.3046875,-0.91015625,0
1533,-0.01171875,0.3203125,-0.9140625,0
1534,-0.00390625,0.29296875,-0.9140625,0
1535,-0.01953125,0.28515625,-0.91796875,0
1536,0.0,0.2890625,-0.921875,0
1537,0.00390625,0.2890625,-0.93359375,0
1538,-0.0078125,0.29296875,-0.91796875,0
1539,-0.01171875,0.28515625,-0.90234375,0
1540,-0.0078125,0.27734375,-0.90625,0
1541,-0.0078125,0.30078125,-0.91015625,0
1542,-0.01171875,0.2890625,-0.8984375,0
1543,0.01171875,0.29296875,-0.9140625,0
1544,0.01171875,0.296875,-0.8984375,0
1545,0.01171875,0.29296875,-0.90625,0
1546,0.00390625,0.296875,-0.90234375,0
1547,0.0,0.296875,-0.9140625,0
1548,0.00390625,0.28515625,-0.91015625,0
1549,-0.00390625,0.28515625,-0.90234375,0
1550,0.00390625,0.3046875,-0.90625,0
1551,-0.01171875,0.27734375,-0.90625,0
1552,-0.00390625,0.28125,-0.91796875,0
1553,0.0078125,0.296875,-0.91796875,0
1554,-0.00390625,0.2890625,-0.90625,0
1555,0.0078125,0.296875,-0.92578125,0
1556,0.0,0.2890625,-0.91796875,0
1557,0.0078125,0.296875,-0.91796875,0
1558,0.00390625,0.29296875,-0.90625,0
1559,0.00390625,0.28125,-0.91015625,0
1560,0.0078125,0.296875,-0.921875,0
1561,-0.00390625,0.3046875,-0.90625,0
1562,0.01171875,0.2890625,-0.92578125,0
1563,0.0234375,0.30078125,-0.91796875,0
1564,0.0,0.28515625,-0.91796875,0
1565,0.0234375,0.296875,-0.91015625,0
1566,0.015625,0.30859375,-0.9140625,0
1567,0.01171875,0.29296875,-0.91015625,0
1568,-0.00390625,0.29296875,-0.91796875,0
1569,0.0,0.3046875,-0.90625,0
1570,0.00390625,0.29296875,-0.9140625,0
1571,-0.00390625,0.30078125,-0.8984375,0
1572,0.00390625,0.2890625,-0.91796875,0
1573,-0.00390625,0.296875,-0.9140625,0
1574,0.015625,0.29296875,-0.8984375,0
1575,0.0,0.28515625,-0.91796875,0
1576,-0.0078125,0.3046875,-0.90234375,0
1577,-0.0078125,0.3046875,-0.8984375,0
1578,0.00390625,0.28515625,-0.90625,0
1579,0.0,0.2890625,-0.9140625,0
1580,-0.0078125,0.2890625,-0.90234375,0
1581,0.0078125,0.2890625,-0.91015625,0
1582,0.0,0.2890625,-0.92578125,0
1583,-0.00390625,0.3125,-0.921875,0
1584,0.0078125,0.296875,-0.9296875,0
1585,0.0078125,0.31640625,-0.921875,0
1586,0.0,0.3046875,-0.921875,0
1587,-0.00390625,0.30859375,-0.90234375,0
1588,0.00390625,0.2890625,-0.91015625,0
1589,-0.01171875,0.30859375,-0.91015625,0
1590,-0.01953125,0.3046875,-0.90625,0
1591,0.0,0.30859375,-0.9140625,0
1592,-0.0078125,0.30078125,-0.90625,0
1593,-0.00390625,0.296875,-0.90234375,0
1594,-0.0078125,0.30078125,-0.8984375,0
1595,-0.01171875,0.2890625,-0.89453125,0
1596,0.0078125,0.296875,-0.91015625,0
1597,0.015625,0.2890625,-0.8984375,0
1598,-0.00390625,0.296875,-0.91015625,0
1599,0.01171875,0.296875,-0.91015625,0
1600,0.0078125,0.30078125,-0.91015625,0
1601,-0.00390625,0.28515625,-0.9140625,0
1602,-0.01171875,0.29296875,-0.91015625,0
1603,0.015625,0.296875,-0.90234375,0
1604,-0.00390625,0.29296875,-0.90625,0
1605,-0.0078125,0.30078125,-0.91015625,0
1606,-0.0078125,0.296875,-0.90625,0
1607,0.0,0.30078125,-0.91015625,0
1608,-0.01171875,0.29296875,-0.90625,0
1609,-0.01171875,0.28515625,-0.9140625,0
1610,-0.00390625,0.3046875,-0.90625,0
1611,0.0,0.29296875,-0.90625,0
1612,0.0,0.30078125,-0.9140625,0
1613,0.0078125,0.30078125,-0.921875,0
1614,-0.015625,0.3125,-0.89453125,0
1615,0.0,0.29296875,-0.90625,0
1616,0.00390625,0.29296875,-0.9140625,0
1617,-0.00390625,0.3125,-0.90625,0
1618,0.0,0.296875,-0.9140625,0
1619,-0.01953125,0.296875,-0.8984375,0
1620,0.00390625,0.296875,-0.9296875,0
1621,-0.01953125,0.29296875,-0.90625,0
1622,-0.01171875,0.296875,-0.91796875,0
1623,-0.01171875,0.2890625,-0.91796875,0
1624,-0.01171875,0.30078125,-0.9140625,0
1625,-0.03125,0.33984375,-0.91015625,0
1626,-0.0078125,0.2890625,-0.90625,0
1627,0.0,0.29296875,-0.91796875,0
1628,-0.00390625,0.2890625,-0.91015625,0
1629,0.0,0.30078125,-0.90234375,0
1630,0.01171875,0.31640625,-0.91796875,0
1631,0.0,0.28515625,-0.9140625,0
1632,0.0,0.30078125,-0.91015625,0
1633,0.00390625,0.29296875,-0.9140625,0
1634,0.0,0.2890625,-0.9140625,0
1635,-0.00390625,0.3046875,-0.91015625,0
1636,0.0078125,0.25,-0.89453125,0
1637,-0.00390625,0.2890625,-0.91015625,0
1638,-0.01171875,0.29296875,-0.90625,0
1639,-0.0078125,0.2890625,-0.9140625,0
1640,-0.00390625,0.296875,-0.921875,0
1641,-0.01171875,0.296875,-0.90625,0
1642,-0.00390625,0.29296875,-0.90625,0
1643,-0.00390625,0.30078125,-0.9140625,0
1644,-0.00390625,0.30078125,-0.921875,0
1645,-0.0078125,0.29296875,-0.90625,0
1646,-0.00390625,0.29296875,-0.9140625,0
1647,-0.01953125,0.3359375,-0.94140625,0
1648,0.0,0.30859375,-0.91796875,0
1649,0.0,0.3125,-0.91015625,0
1650,-0.00390625,0.2890625,-0.9140625,0
1651,0.01171875,0.30078125,-0.91796875,0
1652,-0.0078125,0.3125,-0.91796875,0
1653,0.01171875,0.29296875,-0.93359375,0
1654,0.0,0.296875,-0.921875,0
1655,0.0,0.296875,-0.92578125,0
1656,0.015625,0.30859375,-0.9296875,0
1657,-0.00390625,0.2890625,-0.91015625,0
1658,0.02734375,0.21484375,-0.9375,0
1659,0.0,0.296875,-0.92578125,0
1660,0.0,0.29296875,-0.9296875,0
1661,-0.01171875,0.28515625,-0.92578125,0
1662,-0.01171875,0.2890625,-0.921875,0
1663,0.0,0.28125,-0.91796875,0
1664,-0.0078125,0.28125,-0.921875,0
1665,-0.0078125,0.29296875,-0.90234375,0
1666,-0.01171875,0.29296875,-0.90234375,0
1667,-0.00390625,0.30078125,-0.8984375,0
1668,-0.015625,0.3046875,-0.90234375,0
1669,0.01953125,0.2578125,-0.859375,0
1670,-0.01171875,0.2890625,-0.90625,0
1671,-0.015625,0.3125,-0.90625,0
1672,-0.01171875,0.2890625,-0.91015625,0
1673,-0.0078125,0.29296875,-0.91015625,0
1674,0.00390625,0.2890625,-0.9140625,0
1675,-0.00390625,0.2734375,-0.9140625,0
1676,-0.015625,0.30078125,-0.91796875,0
1677,0.0078125,0.296875,-0.9296875,0
1678,0.0,0.30859375,-0.9140625,0
1679,-0.0078125,0.2890625,-0.90234375,0
1680,-0.015625,0.30078125,-0.890625,0
1681,-0.01171875,0.30859375,-0.88671875,0
1682,-0.0234375,0.3046875,-0.88671875,0
1683,-0.0078125,0.30859375,-0.8984375,0
1684,-0.015625,0.30078125,-0.90234375,0
1685,-0.0078125,0.3046875,-0.91015625,0
1686,-0.01171875,0.30859375,-0.90234375,0
1687,-0.00390625,0.30078125,-0.90625,0
1688,-0.0078125,0.3125,-0.91015625,0
1689,-0.01171875,0.30859375,-0.88671875,0
1690,-0.015625,0.3125,-0.89453125,0
1691,-0.0234375,0.3046875,-0.90234375,0
1692,-0.01953125,0.3046875,-0.8984375,0
1693,-0.015625,0.3125,-0.8984375,0
1694,-0.015625,0.31640625,-0.8984375,0
1695,-0.0078125,0.31640625,-0.8984375,0
1696,-0.015625,0.32421875,-0.89453125,0
1697,-0.01953125,0.3203125,-0.90234375,0
1698,-0.01953125,0.31640625,-0.88671875,0
1699,-0.0078125,0.3203125,-0.89453125,0
1700,-0.01171875,0.3125,-0.890625,0
1701,-0.015625,0.33203125,-0.890625,0
1702,-0.015625,0.33203125,-0.89453125,0
1703,-0.015625,0.3125,-0.90625,0
1704,0.00390625,0.33203125,-0.89453125,0
1705,-0.015625,0.31640625,-0.88671875,0
1706,-0.0078125,0.32421875,-0.890625,0
1707,-0.0234375,0.32421875,-0.89453125,0
1708,-0.0234375,0.3125,-0.88671875,0
1709,-0.0078125,0.31640625,-0.88671875,0
1710,-0.01953125,0.3203125,-0.8984375,0
1711,-0.0234375,0.32421875,-0.89453125,0
1712,-0.01953125,0.3359375,-0.89453125,0
1713,-0.0234375,0.3203125,-0.8828125,0
1714,-0.015625,0.3046875,-0.90234375,0
1715,0.0,0.31640625,-0.88671875,0
1716,-0.0234375,0.3203125,-0.890625,0
1717,-0.015625,0.33203125,-0.8984375,0
1718,-0.0078125,0.328125,-0.88671875,0
1719,-0.015625,0.328125,-0.8984375,0
1720,-0.01171875,0.32421875,-0.8828125,0
1721,-0.01953125,0.33203125,-0.8984375,0
1722,-0.015625,0.3359375,-0.88671875,0
1723,-0.015625,0.32421875,-0.8984375,0
1724,-0.01953125,0.328125,-0.8984375,0
1725,-0.02734375,0.3203125,-0.890625,0
1726,-0.0234375,0.328125,-0.90234375,0
1727,-0.03125,0.3203125,-0.91015625,0
1728,-0.0234375,0.3203125,-0.8984375,0
1729,-0.01953125,0.328125,-0.90234375,0
1730,-0.0234375,0.3359375,-0.90234375,0
1731,-0.03125,0.34765625,-0.90625,0
1732,-0.0234375,0.3359375,-0.91015625,0
1733,-0.015625,0.3203125,-0.90234375,0
1734,-0.00390625,0.3203125,-0.8984375,0
1735,-0.01171875,0.3125,-0.90625,0
1736,-0.00390625,0.31640625,-0.90234375,0
1737,-0.01171875,0.30859375,-0.90234375,0
1738,0.0,0.328125,-0.90234375,0
1739,-0.015625,0.30859375,-0.8984375,0
1740,-0.0078125,0.328125,-0.90625,0
1741,-0.01953125,0.31640625,-0.890625,0
1742,-0.02734375,0.328125,-0.890625,0
1743,-0.03125,0.3046875,-0.89453125,0
1744,-0.03515625,0.30078125,-0.890625,0
1745,-0.02734375,0.3046875,-0.890625,0
1746,-0.02734375,0.32421875,-0.87890625,0
1747,-0.02734375,0.31640625,-0.88671875,0
1748,-0.01953125,0.3046875,-0.890625,0
1749,-0.03515625,0.30859375,-0.88671875,0
1750,-0.01953125,0.30078125,-0.88671875,0
1751,-0.01953125,0.31640625,-0.875,0
1752,-0.02734375,0.328125,-0.87890625,0
1753,-0.03515625,0.33203125,-0.88671875,0
1754,-0.02734375,0.33203125,-0.87890625,0
1755,-0.03125,0.328125,-0.890625,0
1756,-0.03515625,0.328125,-0.89453125,0
1757,-0.0390625,0.3125,-0.8828125,0
1758,-0.03515625,0.3125,-0.8984375,0
1759,-0.01953125,0.3203125,-0.8984375,0
1760,-0.03125,0.33203125,-0.90234375,0
1761,-0.02734375,0.328125,-0.91015625,0
1762,-0.02734375,0.31640625,-0.890625,0
1763,-0.01953125,0.328125,-0.91796875,0
1764,-0.01953125,0.3203125,-0.90234375,0
1765,-0.015625,0.31640625,-0.90234375,0
1766,-0.01171875,0.32421875,-0.92578125,0
1767,-0.01953125,0.3203125,-0.91015625,0
1768,-0.0234375,0.3203125,-0.91015625,0
1769,-0.01953125,0.328125,-0.8984375,0
1770,-0.02734375,0.3359375,-0.90234375,0
1771,-0.015625,0.3359375,-0.9140625,0
1772,-0.01953125,0.3359375,-0.90234375,0
1773,-0.01171875,0.34375,-0.9140625,0
1774,-0.0234375,0.35546875,-0.91015625,0
1775,-0.03125,0.3515625,-0.890625,0
1776,-0.03125,0.37890625,-0.8828125,0
1777,-0.03515625,0.3671875,-0.8984375,0
1778,-0.0234375,0.3515625,-0.890625,0
1779,-0.0234375,0.37109375,-0.8828125,0
1780,-0.03515625,0.3671875,-0.88671875,0
1781,-0.01953125,0.37109375,-0.890625,0
1782,-0.015625,0.3671875,-0.87890625,0
1783,-0.01953125,0.3671875,-0.87109375,0
1784,-0.0078125,0.38671875,-0.875,0
1785,-0.02734375,0.39453125,-0.87890625,0
1786,-0.02734375,0.37890625,-0.86328125,0
1787,-0.0234375,0.375,-0.8671875,0
1788,-0.0078125,0.375,-0.875,0
1789,-0.01953125,0.37890625,-0.87109375,0
1790,-0.01171875,0.38671875,-0.8671875,0
1791,-0.0234375,0.38671875,-0.859375,0
1792,-0.01953125,0.390625,-0.875,0
1793,-0.03125,0.3828125,-0.86328125,0
1794,-0.0234375,0.3984375,-0.8515625,0
1795,-0.03125,0.3828125,-0.85546875,0
1796,-0.046875,0.3984375,-0.8515625,0
1797,-0.0390625,0.38671875,-0.859375,0
1798,-0.0546875,0.40234375,-0.859375,0
1799,-0.04296875,0.40234375,-0.86328125,0
1800,-0.05078125,0.40625,-0.86328125,0
1801,-0.046875,0.40234375,-0.85546875,0
1802,-0.04296875,0.4140625,-0.83984375,0
1803,-0.046875,0.39453125,-0.828125,0
1804,-0.05078125,0.41796875,-0.84375,0
1805,-0.046875,0.43359375,-0.84375,0
1806,-0.046875,0.42578125,-0.8359375,0
1807,-0.0546875,0.42578125,-0.83984375,0
1808,-0.046875,0.453125,-0.8359375,0
1809,-0.05078125,0.4296875,-0.83203125,0
1810,-0.0546875,0.42578125,-0.83984375,0
1811,-0.0625,0.4296875,-0.828125,0
1812,-0.05078125,0.4375,-0.82421875,0
1813,-0.04296875,0.44921875,-0.828125,0
1814,-0.0546875,0.43359375,-0.84375,0
1815,-0.04296875,0.4453125,-0.7890625,0
1816,-0.04296875,0.43359375,-0.796875,0
1817,-0.03515625,0.44140625,-0.80078125,0
1818,-0.04296875,0.45703125,-0.8125,0
1819,-0.046875,0.44921875,-0.80078125,0
1820,-0.04296875,0.44140625,-0.8046875,0
1821,-0.07421875,0.4375,-0.859375,0
1822,-0.0546875,0.4609375,-0.73828125,0
1823,-0.046875,0.4609375,-0.74609375,0
1824,-0.0390625,0.4453125,-0.78515625,0
1825,-0.0546875,0.453125,-0.78125,0
1826,-0.05078125,0.46484375,-0.77734375,0
1827,-0.0390625,0.44921875,-0.8671875,0
1828,-0.06640625,0.48046875,-0.796875,0
1829,-0.0703125,0.50390625,-0.703125,0
1830,-0.0625,0.50390625,-0.69921875,0
1831,-0.06640625,0.515625,-0.72265625,0
1832,-0.03515625,0.5,-0.734375,0
1833,-0.046875,0.51171875,-0.74609375,0
1834,-0.046875,0.51953125,-0.7890625,0
1835,-0.05078125,0.52734375,-0.84375,0
1836,-0.05859375,0.53515625,-0.73046875,0
1837,-0.04296875,0.54296875,-0.6875,0
1838,0.015625,0.54296875,-0.7265625,0
1839,-0.03515625,0.53125,-0.73046875,0
1840,-0.03125,0.53125,-0.75390625,0
1841,-0.04296875,0.54296875,-0.75,0
1842,-0.046875,0.53125,-0.77734375,0
1843,-0.04296875,0.54296875,-0.8046875,0
1844,-0.05078125,0.54296875,-0.80078125,0
1845,-0.0625,0.54296875,-0.73046875,0
1846,-0.0546875,0.55859375,-0.6953125,0
1847,-0.0625,0.52734375,-0.69140625,0
1848,-0.0703125,0.5390625,-0.71484375,0
1849,-0.05859375,0.5234375,-0.75,0
1850,-0.06640625,0.54296875,-0.71875,0
1851,-0.046875,0.55859375,-0.703125,0
1852,-0.05078125,0.54296875,-0.703125,0
1853,-0.0625,0.546875,-0.71875,0
1854,-0.0625,0.546875,-0.71484375,0
1855,-0.0625,0.55859375,-0.67578125,0
1856,-0.07421875,0.5390625,-0.6484375,0
1857,-0.0703125,0.55859375,-0.6328125,0
1858,-0.07421875,0.55078125,-0.66796875,0
1859,-0.05859375,0.56640625,-0.671875,0
1860,-0.0625,0.5390625,-0.7265625,0
1861,-0.08203125,0.57421875,-0.7421875,0
1862,-0.078125,0.57421875,-0.6328125,0
1863,-0.08203125,0.55859375,-0.59375,0
1864,-0.0703125,0.57421875,-0.60546875,0
1865,-0.0625,0.60546875,-0.6328125,0
1866,-0.07421875,0.5859375,-0.62109375,0
1867,-0.05859375,0.62109375,-0.63671875,0
1868,-0.0390625,0.625,-0.7421875,0
1869,-0.0703125,0.6328125,-0.60546875,0
1870,-0.05859375,0.64453125,-0.58203125,0
1871,-0.06640625,0.640625,-0.57421875,0
1872,-0.05859375,0.6484375,-0.5859375,0
1873,-0.05859375,0.640625,-0.6015625,0
1874,-0.03515625,0.65625,-0.69921875,0
1875,-0.046875,0.6640625,-0.66015625,0
1876,-0.0703125,0.68359375,-0.546875,0
1877,-0.05859375,0.6796875,-0.5390625,0
1878,-0.08203125,0.69140625,-0.5234375,0
1879,-0.0625,0.703125,-0.54296875,0
1880,-0.05078125,0.71875,-0.56640625,0
1881,-0.06640625,0.71875,-0.578125,0
1882,-0.0390625,0.72265625,-0.6640625,0
1883,-0.0625,0.71875,-0.52734375,0
1884,-0.05859375,0.7109375,-0.4765625,0
1885,-0.05859375,0.70703125,-0.49609375,0
1886,-0.07421875,0.7109375,-0.51171875,0
1887,-0.05078125,0.71875,-0.58203125,0
1888,-0.078125,0.71875,-0.57421875,0
1889,-0.08203125,0.73828125,-0.53125,0
1890,-0.08984375,0.71875,-0.46484375,0
1891,-0.109375,0.73046875,-0.484375,0
1892,-0.09375,0.68359375,-0.56640625,0
1893,-0.078125,0.69140625,-0.57421875,0
1894,-0.09765625,0.65234375,-0.5625,0
1895,-0.11328125,0.66015625,-0.4921875,0
1896,-0.09765625,0.640625,-0.4609375,0
1897,-0.08203125,0.625,-0.46484375,0
1898,-0.08984375,0.63671875,-0.45703125,0
1899,-0.0625,0.62109375,-0.49609375,0
1900,-0.0703125,0.62890625,-0.4921875,0
1901,-0.07421875,0.6328125,-0.48046875,0
1902,-0.05078125,0.63671875,-0.484375,0
1903,-0.0390625,0.63671875,-0.5,0
1904,-0.0234375,0.6640625,-0.50390625,0
1905,-0.01953125,0.65234375,-0.51953125,0
1906,0.02734375,0.6484375,-0.69140625,0
1907,0.00390625,0.71875,-0.55078125,0
1908,-0.0234375,0.703125,-0.4609375,0
1909,0.00390625,0.76953125,-0.44140625,0
1910,-0.015625,0.7421875,-0.46484375,0
1911,-0.01953125,0.7578125,-0.48828125,0
1912,-0.046875,0.7578125,-0.47265625,0
1913,-0.046875,0.78125,-0.46875,0
1914,-0.08203125,0.78125,-0.46875,0
1915,-0.0234375,0.7890625,-0.6015625,0
1916,-0.078125,0.7890625,-0.49609375,0
1917,-0.08984375,0.78515625,-0.4296875,0
1918,-0.078125,0.796875,-0.41015625,0
1919,-0.07421875,0.77734375,-0.4375,0
1920,-0.05859375,0.8046875,-0.39453125,0
1921,-0.078125,0.78515625,-0.37890625,0
1922,-0.0859375,0.80078125,-0.4296875,0
1923,-0.0703125,0.79296875,-0.41015625,0
1924,-0.08203125,0.77734375,-0.4140625,0
1925,-0.08203125,0.76953125,-0.390625,0
1926,-0.0390625,0.7734375,-0.47265625,0
1927,-0.0546875,0.765625,-0.4140625,0
1928,-0.0625,0.7421875,-0.40625,0
1929,-0.0625,0.76171875,-0.46484375,0
1930,-0.00390625,0.73828125,-0.43359375,0
1931,-0.0390625,0.73046875,-0.4453125,0
1932,-0.04296875,0.72265625,-0.50390625,0
1933,-0.0390625,0.75,-0.4921875,0
1934,-0.04296875,0.7109375,-0.41015625,0
1935,-0.06640625,0.71484375,-0.40234375,0
1936,-0.05859375,0.70703125,-0.4296875,0
1937,-0.03515625,0.71484375,-0.4140625,0
1938,-0.05859375,0.71484375,-0.421875,0
1939,-0.0625,0.71484375,-0.46484375,0
1940,-0.078125,0.7265625,-0.45703125,0
1941,-0.0703125,0.75,-0.53125,0
1942,-0.0546875,0.75390625,-0.41015625,0
1943,-0.0859375,0.7265625,-0.3828125,0
1944,-0.078125,0.734375,-0.44140625,0
1945,-0.08203125,0.7421875,-0.44140625,0
1946,-0.0625,0.7421875,-0.4296875,0
1947,-0.08203125,0.7109375,-0.4140625,0
1948,-0.07421875,0.78125,-0.58984375,0
1949,-0.08984375,0.76171875,-0.38671875,0
1950,-0.07421875,0.77734375,-0.359375,0
1951,-0.046875,0.7578125,-0.37890625,0
1952,-0.046875,0.734375,-0.4140625,0
1953,-0.0546875,0.79296875,-0.546875,0
1954,-0.03125,0.8046875,-0.4609375,0
1955,-0.05859375,0.75390625,-0.37109375,0
1956,-0.0390625,0.78515625,-0.39453125,0
1957,-0.02734375,0.7890625,-0.46875,0
1958,-0.03515625,0.78515625,-0.41015625,0
1959,-0.0625,0.765625,-0.40625,0
1960,-0.04296875,0.7734375,-0.47265625,0
1961,-0.06640625,0.76171875,-0.3828125,0
1962,-0.046875,0.74609375,-0.35546875,0
1963,-0.08984375,0.7265625,-0.484375,0
1964,-0.0859375,0.7578125,-0.40625,0
1965,-0.10546875,0.7421875,-0.375,0
1966,-0.08203125,0.7578125,-0.37890625,0
1967,-0.08203125,0.73828125,-0.375,0
1968,-0.1015625,0.75,-0.42578125,0
1969,-0.09765625,0.7421875,-0.44140625,0
1970,-0.0859375,0.76171875,-0.37890625,0
1971,-0.0703125,0.75,-0.37109375,0
1972,-0.06640625,0.75390625,-0.39453125,0
1973,-0.078125,0.7421875,-0.38671875,0
1974,-0.0625,0.7578125,-0.37109375,0
1975,-0.0625,0.76171875,-0.38671875,0
1976,-0.05078125,0.74609375,-0.44140625,0
1977,-0.046875,0.75390625,-0.3515625,0
1978,-0.03515625,0.7421875,-0.35546875,0
1979,-0.05078125,0.76171875,-0.34765625,0
1980,-0.04296875,0.78125,-0.41796875,0
1981,-0.0546875,0.7578125,-0.359375,0
1982,-0.05859375,0.74609375,-0.34765625,0
1983,-0.0703125,0.75390625,-0.37109375,0
1984,-0.078125,0.765625,-0.3515625,0
1985,-0.08203125,0.7734375,-0.3203125,0
1986,-0.06640625,0.76953125,-0.3125,0
1987,-0.0625,0.7734375,-0.3125,0
1988,-0.07421875,0.78125,-0.3125,0
1989,-0.0703125,0.76953125,-0.2890625,0
1990,-0.09375,0.7578125,-0.265625,0
1991,-0.08203125,0.77734375,-0.26953125,0
1992,-0.1015625,0.7890625,-0.2265625,0
1993,-0.09765625,0.796875,-0.26171875,0
1994,-0.10546875,0.796875,-0.2734375,0
1995,-0.11328125,0.81640625,-0.26953125,0
1996,-0.10546875,0.828125,-0.25390625,0
1997,-0.109375,0.8046875,-0.328125,0
1998,-0.109375,0.83203125,-0.23046875,0
1999,-0.10546875,0.81640625,-0.20703125,0
2000,-0.08984375,0.828125,-0.2265625,0
2001,-0.09765625,0.828125,-0.21875,0
2002,-0.09765625,0.828125,-0.2109375,0
2003,-0.11328125,0.828125,-0.2109375,0
2004,-0.1015625,0.82421875,-0.19140625,0
2005,-0.08984375,0.828125,-0.1640625,0
2006,-0.08984375,0.82421875,-0.15625,0
2007,-0.07421875,0.82421875,-0.16796875,0
2008,-0.08203125,0.8046875,-0.15625,0
2009,-0.0859375,0.80859375,-0.140625,0
2010,-0.08203125,0.8203125,-0.1484375,0
2011,-0.08984375,0.80859375,-0.16015625,0
2012,-0.1015625,0.8046875,-0.15625,0
2013,-0.10546875,0.80078125,-0.15234375,0
2014,-0.11328125,0.8046875,-0.15625,0
2015,-0.12109375,0.8203125,-0.1484375,0
2016,-0.13671875,0.83203125,-0.13671875,0
2017,-0.13671875,0.8125,-0.125,0
2018,-0.13671875,0.828125,-0.125,0
2019,-0.12109375,0.8125,-0.12890625,0
2020,-0.11328125,0.796875,-0.125,0
2021,-0.10546875,0.8203125,-0.109375,0
2022,-0.109375,0.81640625,-0.09765625,0
2023,-0.08203125,0.82421875,-0.09765625,0
2024,-0.07421875,0.81640625,-0.08984375,0
2025,-0.07421875,0.83984375,-0.08203125,0
2026,-0.05859375,0.8359375,-0.08203125,0
2027,-0.07421875,0.8359375,-0.06640625,0
2028,-0.07421875,0.83984375,-0.07421875,0
2029,-0.09375,0.859375,-0.0625,0
2030,-0.09765625,0.8828125,-0.0703125,0
2031,-0.10546875,0.87109375,-0.07421875,0
2032,-0.1171875,0.87109375,-0.0625,0
2033,-0.11328125,0.8671875,-0.0625,0
2034,-0.109375,0.8828125,-0.046875,0
2035,-0.1015625,0.90234375,-0.03515625,0
2036,-0.08203125,0.875,-0.01171875,0
2037,-0.05859375,0.89453125,-0.0234375,0
2038,-0.078125,0.87890625,0.00390625,0
2039,-0.0546875,0.8828125,0.01953125,0
2040,-0.05859375,0.8671875,0.03515625,0
2041,-0.078125,0.8515625,0.046875,0
2042,-0.08203125,0.875,0.05078125,0
2043,-0.08984375,0.86328125,0.07421875,0
2044,-0.10546875,0.83984375,0.08984375,0
2045,-0.0859375,0.83984375,0.09765625,0
2046,-0.0703125,0.83203125,0.078125,0
2047,-0.08984375,0.828125,0.07421875,0
2048,-0.09765625,0.80859375,0.12890625,0
2049,-0.11328125,0.80859375,0.109375,0
2050,-0.1171875,0.81640625,0.16015625,0
2051,-0.10546875,0.8359375,0.078125,0
2052,-0.10546875,0.8203125,0.1015625,0
2053,-0.08203125,0.828125,0.0625,0
2054,-0.08984375,0.82421875,0.09375,0
2055,-0.07421875,0.81640625,0.0625,0
2056,-0.09375,0.81640625,0.08984375,0
2057,-0.05078125,0.828125,0.0390625,0
2058,-0.078125,0.83203125,0.09375,0
2059,-0.0625,0.83203125,0.07421875,0
2060,-0.08984375,0.8125,0.12890625,0
2061,-0.06640625,0.82421875,0.0703125,0
2062,-0.0546875,0.8359375,0.03125,0
2063,-0.0703125,0.84765625,0.078125,0
2064,-0.05859375,0.86328125,0.09375,0
2065,-0.08984375,0.8359375,0.12109375,0
2066,-0.0859375,0.84765625,0.15625,0
2067,-0.125,0.8359375,0.2421875,0
2068,-0.109375,0.83984375,0.203125,0
2069,-0.1171875,0.85546875,0.21484375,0
2070,-0.14453125,0.83203125,0.30078125,0
2071,-0.1484375,0.8359375,0.3046875,0
2072,-0.1328125,0.8359375,0.3203125,0
2073,-0.1484375,0.8359375,0.35546875,0
2074,-0.1484375,0.8359375,0.3515625,0
2075,-0.1328125,0.83203125,0.33984375,0
2076,-0.16015625,0.828125,0.33203125,0
2077,-0.16796875,0.8125,0.3125,0
2078,-0.1875,0.80859375,0.3515625,0
2079,-0.171875,0.80078125,0.3125,0
2080,-0.16796875,0.80859375,0.29296875,0
2081,-0.1640625,0.80078125,0.33203125,0
2082,-0.1484375,0.78125,0.33984375,0
2083,-0.1328125,0.78125,0.32421875,0
2084,-0.109375,0.78515625,0.3046875,0
2085,-0.0703125,0.76171875,0.30078125,0
2086,-0.05078125,0.77734375,0.3125,0
2087,-0.046875,0.7578125,0.3046875,0
2088,-0.07421875,0.77734375,0.34765625,0
2089,-0.08984375,0.78125,0.31640625,0
2090,-0.08984375,0.796875,0.28125,0
2091,-0.1328125,0.80078125,0.3046875,0
2092,-0.16796875,0.8203125,0.36328125,0
2093,-0.12890625,0.8125,0.2890625,0
2094,-0.12890625,0.8125,0.28515625,0
2095,-0.10546875,0.8203125,0.27734375,0
2096,-0.09765625,0.8046875,0.3046875,0
2097,-0.08203125,0.80078125,0.28515625,0
2098,-0.08203125,0.7890625,0.30859375,0
2099,-0.0703125,0.79296875,0.28125,0
2100,-0.08203125,0.7734375,0.28515625,0
2101,-0.078125,0.78125,0.28515625,0
2102,-0.08203125,0.7890625,0.3125,0
2103,-0.078125,0.80859375,0.328125,0
2104,-0.07421875,0.8046875,0.25390625,0
2105,-0.0703125,0.83203125,0.26171875,0
2106,-0.11328125,0.83984375,0.34375,0
2107,-0.078125,0.8359375,0.27734375,0
2108,-0.08984375,0.83984375,0.27734375,0
2109,-0.09765625,0.86328125,0.26953125,0
2110,-0.09765625,0.83984375,0.27734375,0
2111,-0.10546875,0.84375,0.27734375,0
2112,-0.12109375,0.83984375,0.30078125,0
2113,-0.140625,0.84765625,0.3125,0
2114,-0.1484375,0.828125,0.34765625,0
2115,-0.125,0.8046875,0.265625,0
2116,-0.11328125,0.80859375,0.21484375,0
2117,-0.13671875,0.7890625,0.24609375,0
2118,-0.1328125,0.7890625,0.2421875,0
2119,-0.1328125,0.76953125,0.234375,0
2120,-0.1171875,0.78125,0.2421875,0
2121,-0.12109375,0.78125,0.23828125,0
2122,-0.09765625,0.78515625,0.16796875,0
2123,-0.09765625,0.7890625,0.18359375,0
2124,-0.09765625,0.8046875,0.1953125,0
2125,-0.08203125,0.8125,0.18359375,0
2126,-0.08203125,0.80859375,0.17578125,0
2127,-0.08203125,0.8203125,0.1796875,0
2128,-0.0703125,0.83203125,0.18359375,0
2129,-0.0703125,0.83984375,0.1875,0
2130,-0.0859375,0.8359375,0.17578125,0
2131,-0.08984375,0.81640625,0.171875,0
2132,-0.109375,0.8125,0.1875,0
2133,-0.109375,0.83203125,0.18359375,0
2134,-0.125,0.8359375,0.19140625,0
2135,-0.1328125,0.83203125,0.1953125,0
2136,-0.12890625,0.828125,0.1875,0
2137,-0.13671875,0.8203125,0.19140625,0
2138,-0.13671875,0.8203125,0.18359375,0
2139,-0.13671875,0.8125,0.18359375,0
2140,-0.14453125,0.8046875,0.171875,0
2141,-0.12890625,0.83203125,0.15625,0
2142,-0.12890625,0.828125,0.1484375,0
2143,-0.12109375,0.828125,0.1328125,0
2144,-0.10546875,0.8359375,0.140625,0
2145,-0.1015625,0.84375,0.125,0
2146,-0.09765625,0.84765625,0.12109375,0
2147,-0.09375,0.85546875,0.11328125,0
2148,-0.09375,0.84375,0.0859375,0
2149,-0.09375,0.828125,0.0859375,0
2150,-0.09765625,0.83203125,0.08203125,0
2151,-0.08203125,0.83203125,0.078125,0
2152,-0.08203125,0.828125,0.0859375,0
2153,-0.07421875,0.81640625,0.08984375,0
2154,-0.0859375,0.8203125,0.08203125,0
2155,-0.0859375,0.80859375,0.08984375,0
2156,-0.109375,0.8359375,0.109375,0
2157,-0.1328125,0.8125,0.12109375,0
2158,-0.140625,0.8203125,0.125,0
2159,-0.1484375,0.82421875,0.125,0
2160,-0.15625,0.8359375,0.12890625,0
2161,-0.16015625,0.83203125,0.13671875,0
2162,-0.1484375,0.83203125,0.13671875,0
2163,-0.15234375,0.82421875,0.1328125,0
2164,-0.1328125,0.81640625,0.13671875,0
2165,-0.13671875,0.8203125,0.1328125,0
2166,-0.125,0.8203125,0.14453125,0
2167,-0.11328125,0.80859375,0.12890625,0
2168,-0.11328125,0.8125,0.12890625,0
2169,-0.1015625,0.8125,0.11328125,0
2170,-0.109375,0.828125,0.09765625,0
2171,-0.08984375,0.83203125,0.09375,0
2172,-0.08984375,0.83203125,0.06640625,0
2173,-0.09765625,0.828125,0.08984375,0
2174,-0.08203125,0.8515625,0.0625,0
2175,-0.10546875,0.83984375,0.08984375,0
2176,-0.09765625,0.859375,0.08984375,0
2177,-0.08984375,0.84375,0.09765625,0
2178,-0.09375,0.84765625,0.1015625,0
2179,-0.11328125,0.84375,0.109375,0
2180,-0.125,0.83203125,0.11328125,0
2181,-0.1171875,0.84375,0.09375,0
2182,-0.0703125,0.81640625,0.12109375,0
2183,-0.0703125,0.80859375,0.1171875,0
2184,-0.11328125,0.80078125,0.12890625,0
2185,-0.11328125,0.83203125,0.11328125,0
2186,-0.1328125,0.8125,0.12109375,0
2187,-0.12890625,0.82421875,0.1171875,0
2188,-0.125,0.8203125,0.12109375,0
2189,-0.1015625,0.828125,0.11328125,0
2190,-0.09375,0.83203125,0.12109375,0
2191,-0.0625,0.8125,0.14453125,0
2192,-0.046875,0.76953125,0.18359375,0
2193,-0.0859375,0.8125,0.1484375,0
2194,-0.1171875,0.81640625,0.15234375,0
2195,-0.1328125,0.84375,0.14453125,0
2196,-0.12109375,0.86328125,0.1171875,0
2197,-0.1171875,0.86328125,0.1015625,0
2198,-0.109375,0.85546875,0.109375,0
2199,-0.1015625,0.85546875,0.11328125,0
2200,-0.10546875,0.8515625,0.125,0
2201,-0.07421875,0.86328125,0.12109375,0
2202,-0.06640625,0.82421875,0.1171875,0
2203,-0.0625,0.84765625,0.15625,0
2204,-0.05859375,0.8359375,0.1328125,0
2205,-0.0390625,0.82421875,0.1328125,0
2206,-0.0546875,0.83203125,0.12890625,0
2207,-0.078125,0.8515625,0.1171875,0
2208,-0.0703125,0.84765625,0.12890625,0
2209,-0.08203125,0.87109375,0.1328125,0
2210,-0.09765625,0.859375,0.13671875,0
2211,-0.08203125,0.87109375,0.1484375,0
2212,-0.0703125,0.85546875,0.16015625,0
2213,-0.07421875,0.8671875,0.16015625,0
2214,-0.12890625,0.9296875,0.16796875,0
2215,-0.11328125,0.859375,0.16015625,0
2216,-0.140625,0.83984375,0.1640625,0
2217,-0.15625,0.828125,0.140625,0
2218,-0.12890625,0.83984375,0.12890625,0
2219,-0.1171875,0.83984375,0.125,0
2220,-0.08203125,0.82421875,0.1171875,0
2221,-0.0703125,0.828125,0.1171875,0
2222,-0.05859375,0.8203125,0.109375,0
2223,-0.05859375,0.828125,0.10546875,0
2224,-0.046875,0.8359375,0.08984375,0
2225,-0.05859375,0.82421875,0.046875,0
2226,-0.046875,0.8359375,0.0703125,0
2227,-0.0625,0.84765625,0.07421875,0
2228,-0.046875,0.8671875,0.0546875,0
2229,-0.046875,0.85546875,0.06640625,0
2230,-0.0546875,0.85546875,0.07421875,0
2231,-0.05859375,0.84375,0.0703125,0
2232,-0.05859375,0.85546875,0.0703125,0
2233,-0.046875,0.8515625,0.0625,0
2234,-0.0546875,0.85546875,0.0703125,0
2235,-0.05078125,0.84375,0.0625,0
2236,-0.05078125,0.84765625,0.09375,0
2237,-0.04296875,0.84765625,0.06640625,0
2238,-0.0546875,0.859375,0.08203125,0
2239,-0.0625,0.8359375,0.0859375,0
2240,-0.05859375,0.83984375,0.08203125,0
2241,-0.05859375,0.8359375,0.078125,0
2242,-0.0546875,0.84375,0.0859375,0
2243,-0.0546875,0.83984375,0.0859375,0
2244,-0.0546875,0.83203125,0.08203125,0
2245,-0.0546875,0.83203125,0.09765625,0
2246,-0.05078125,0.84375,0.10546875,0
2247,-0.06640625,0.8359375,0.09375,0
2248,-0.0625,0.8359375,0.11328125,0
2249,-0.04296875,0.8359375,0.07421875,0
2250,-0.0859375,0.84765625,0.10546875,0
2251,-0.0859375,0.8515625,0.125,0
2252,-0.0546875,0.83984375,0.08984375,0
2253,-0.05859375,0.8515625,0.10546875,0
2254,-0.0625,0.8515625,0.109375,0
2255,-0.06640625,0.84375,0.1171875,0
2256,-0.0625,0.84765625,0.125,0
2257,-0.05078125,0.8359375,0.12109375,0
2258,-0.0625,0.84375,0.125,0
2259,-0.06640625,0.84375,0.11328125,0
2260,-0.0703125,0.8359375,0.1171875,0
2261,-0.078125,0.84765625,0.11328125,0
2262,-0.05078125,0.83203125,0.09375,0
2263,-0.06640625,0.859375,0.1015625,0
2264,-0.05859375,0.85546875,0.078125,0
2265,-0.05078125,0.83203125,0.0859375,0
2266,-0.05078125,0.84375,0.07421875,0
2267,-0.06640625,0.84765625,0.0859375,0
2268,-0.05859375,0.859375,0.078125,0
2269,-0.0546875,0.84375,0.078125,0
2270,-0.046875,0.8515625,0.06640625,0
2271,-0.0546875,0.84765625,0.08203125,0
2272,-0.05859375,0.83984375,0.0703125,0
2273,-0.05859375,0.85546875,0.08203125,0
2274,-0.0625,0.86328125,0.0703125,0
2275,-0.07421875,0.84375,0.0859375,0
2276,-0.06640625,0.86328125,0.078125,0
2277,-0.06640625,0.83984375,0.0703125,0
2278,-0.0703125,0.8515625,0.078125,0
2279,-0.0546875,0.83203125,0.0859375,0
2280,-0.05859375,0.8359375,0.08984375,0
2281,-0.06640625,0.83984375,0.078125,0
2282,-0.05859375,0.83984375,0.08984375,0
2283,-0.078125,0.83984375,0.09375,0
2284,-0.0703125,0.84765625,0.0859375,0
2285,-0.0703125,0.84375,0.08984375,0
2286,-0.0703125,0.82421875,0.09765625,0
2287,-0.07421875,0.84765625,0.09765625,0
2288,-0.08203125,0.8359375,0.09375,0
2289,-0.078125,0.84765625,0.10546875,0
2290,-0.078125,0.8515625,0.109375,0
2291,-0.08203125,0.85546875,0.11328125,0
2292,-0.078125,0.85546875,0.109375,0
2293,-0.07421875,0.83984375,0.1171875,0
2294,-0.0703125,0.83984375,0.11328125,0
2295,-0.0625,0.84765625,0.1171875,0
2296,-0.06640625,0.84375,0.12109375,0
2297,-0.0703125,0.859375,0.1171875,0
2298,-0.0625,0.8515625,0.11328125,0
2299,-0.0546875,0.8515625,0.10546875,0
2300,-0.06640625,0.84765625,0.12109375,0
2301,-0.0625,0.83984375,0.10546875,0
2302,-0.0703125,0.8203125,0.109375,0
2303,-0.07421875,0.83984375,0.1015625,0
2304,-0.06640625,0.85546875,0.109375,0
2305,-0.06640625,0.8515625,0.1015625,0
2306,-0.0859375,0.8359375,0.10546875,0
2307,-0.06640625,0.8515625,0.1015625,0
2308,-0.05859375,0.8359375,0.10546875,0
2309,-0.0625,0.8359375,0.09765625,0
2310,-0.0546875,0.80859375,0.09375,0
2311,-0.0625,0.828125,0.1015625,0
2312,-0.05859375,0.8203125,0.08984375,0
2313,-0.05078125,0.83203125,0.0859375,0
2314,-0.0703125,0.83984375,0.09375,0
2315,-0.06640625,0.83203125,0.08203125,0
2316,-0.0703125,0.84375,0.08203125,0
2317,-0.06640625,0.84375,0.08203125,0
2318,-0.078125,0.86328125,0.09375,0
2319,-0.0703125,0.83984375,0.0859375,0
2320,-0.06640625,0.85546875,0.078125,0
2321,-0.0625,0.84765625,0.09375,0
2322,-0.05859375,0.84375,0.08984375,0
2323,-0.0546875,0.83984375,0.0703125,0
2324,-0.0546875,0.83984375,0.08203125,0
2325,-0.06640625,0.83984375,0.0859375,0
2326,-0.046875,0.8359375,0.0859375,0
2327,-0.06640625,0.84375,0.09765625,0
2328,-0.05859375,0.8359375,0.0859375,0
2329,-0.06640625,0.83203125,0.09375,0
2330,-0.07421875,0.8203125,0.09765625,0
2331,-0.06640625,0.83203125,0.1015625,0
2332,-0.06640625,0.8359375,0.10546875,0
2333,-0.0625,0.828125,0.09375,0
2334,-0.07421875,0.828125,0.109375,0
2335,-0.078125,0.8515625,0.10546875,0
2336,-0.0546875,0.83984375,0.08984375,0
2337,-0.078125,0.8359375,0.08984375,0
2338,-0.06640625,0.828125,0.1015625,0
2339,-0.0703125,0.828125,0.1015625,0
2340,-0.05859375,0.8359375,0.09375,0
2341,-0.06640625,0.83984375,0.10546875,0
2342,-0.04296875,0.84765625,0.08984375,0
2343,-0.05859375,0.84765625,0.1015625,0
2344,-0.07421875,0.84375,0.09765625,0
2345,-0.05859375,0.84375,0.09375,0
2346,-0.05859375,0.83984375,0.09765625,0
2347,-0.05859375,0.8515625,0.109375,0
2348,-0.06640625,0.86328125,0.1015625,0
2349,-0.0703125,0.8515625,0.1015625,0
2350,-0.078125,0.8671875,0.09765625,0
2351,-0.08203125,0.86328125,0.09375,0
2352,-0.08203125,0.8515625,0.09765625,0
2353,-0.0859375,0.83203125,0.09375,0
2354,-0.09375,0.828125,0.08984375,0
2355,-0.08203125,0.828125,0.09765625,0
2356,-0.078125,0.82421875,0.08203125,0
2357,-0.08203125,0.8203125,0.0859375,0
2358,-0.07421875,0.8125,0.09375,0
2359,-0.06640625,0.8203125,0.10546875,0
2360,-0.05859375,0.81640625,0.09765625,0
2361,-0.0546875,0.8203125,0.1015625,0
2362,-0.0546875,0.8125,0.1015625,0
2363,-0.046875,0.83203125,0.09375,0
2364,-0.0546875,0.8359375,0.09375,0
2365,-0.05859375,0.8515625,0.08984375,0
2366,-0.046875,0.859375,0.09765625,0
2367,-0.0546875,0.84375,0.10546875,0
2368,-0.0546875,0.8515625,0.08984375,0
2369,-0.046875,0.84765625,0.1015625,0
2370,-0.0546875,0.84375,0.09375,0
2371,-0.0625,0.84375,0.09375,0
2372,-0.04296875,0.84375,0.0859375,0
2373,-0.04296875,0.83984375,0.0859375,0
2374,-0.05078125,0.83984375,0.10546875,0
2375,-0.0546875,0.83984375,0.09765625,0
2376,-0.0546875,0.8515625,0.08984375,0
2377,-0.0546875,0.84375,0.078125,0
2378,-0.0625,0.8359375,0.0859375,0
2379,-0.046875,0.83984375,0.08203125,0
2380,-0.0625,0.86328125,0.0859375,0
2381,-0.05859375,0.8359375,0.08984375,0
2382,-0.05078125,0.84765625,0.09765625,0
2383,-0.05078125,0.84375,0.08203125,0
2384,-0.0625,0.8359375,0.08984375,0
2385,-0.05859375,0.85546875,0.08203125,0
2386,-0.0546875,0.84765625,0.08203125,0
2387,-0.06640625,0.8515625,0.0859375,0
2388,-0.0703125,0.8359375,0.08203125,0
2389,-0.0703125,0.84375,0.09375,0
2390,-0.0703125,0.8359375,0.0859375,0
2391,-0.05859375,0.84765625,0.08203125,0
2392,-0.078125,0.8359375,0.08984375,0
2393,-0.0703125,0.83984375,0.0859375,0
2394,-0.05859375,0.84375,0.0859375,0
2395,-0.0625,0.8359375,0.08984375,0
2396,-0.06640625,0.8359375,0.09375,0
2397,-0.06640625,0.84765625,0.09765625,0
2398,-0.07421875,0.83984375,0.1015625,0
2399,-0.0625,0.8125,0.09375,0
