,accelerometerAccelerationX(G),accelerometerAccelerationY(G),accelerometerAccelerationZ(G)
0,-0.0546875,-1.00390625,0.0703125
1,-0.046875,-0.98828125,0.07421875
2,-0.04296875,-0.99609375,0.0546875
3,-0.05078125,-1.0078125,0.05859375
4,-0.0546875,-1.00390625,0.08203125
5,-0.0390625,-1.03515625,0.09375
6,-0.04296875,-1.0,0.06640625
7,-0.05078125,-0.984375,0.078125
8,-0.05859375,-0.984375,0.05078125
9,-0.0546875,-0.9921875,0.06640625
10,-0.046875,-1.00390625,0.0546875
11,-0.05078125,-0.98828125,0.05859375
12,-0.04296875,-1.0,0.046875
13,-0.0390625,-1.0,0.078125
14,-0.05078125,-0.98828125,0.06640625
15,-0.0390625,-0.9921875,0.0703125
16,-0.04296875,-1.0,0.0546875
17,-0.046875,-1.00390625,0.06640625
18,-0.05078125,-1.0078125,0.0546875
19,-0.046875,-0.9921875,0.05859375
20,-0.05078125,-0.9921875,0.06640625
21,-0.0546875,-0.99609375,0.0546875
22,-0.05859375,-1.0,0.0546875
23,-0.05078125,-0.99609375,0.05859375
24,-0.05078125,-1.0,0.05078125
25,-0.05078125,-1.0,0.0546875
26,-0.05078125,-1.0078125,0.03125
27,-0.0625,-1.00390625,0.04296875
28,-0.0546875,-1.00390625,0.0546875
29,-0.06640625,-0.98046875,0.05078125
30,-0.04296875,-0.99609375,0.0546875
31,-0.0546875,-0.99609375,0.05859375
32,-0.046875,-0.9921875,0.05078125
33,-0.046875,-1.0,0.078125
34,-0.05078125,-1.0,0.0703125
35,-0.0625,-0.99609375,0.0625
36,-0.0546875,-1.00390625,0.0625
37,-0.05078125,-0.99609375,0.0703125
38,-0.0546875,-0.99609375,0.0625
39,-0.046875,-1.0,0.0625
40,-0.05078125,-0.9765625,0.05078125
41,-0.046875,-1.0,0.0625
42,-0.03515625,-1.0,0.05078125
43,-0.05078125,-1.0,0.04296875
44,-0.0390625,-0.984375,0.0625
45,-0.05859375,-0.984375,0.04296875
46,-0.05078125,-0.99609375,0.07421875
47,-0.05078125,-0.98828125,0.05078125
48,-0.046875,-1.01953125,0.05078125
49,-0.05859375,-0.984375,0.05078125
50,-0.05859375,-0.99609375,0.05859375
51,-0.0546875,-0.9921875,0.05078125
52,-0.05859375,-1.0,0.0546875
53,-0.046875,-0.9921875,0.07421875
54,-0.05078125,-1.0078125,0.06640625
55,-0.0546875,-1.00390625,0.0546875
56,-0.0546875,-0.984375,0.06640625
57,-0.05078125,-0.99609375,0.07421875
58,-0.046875,-0.98828125,0.05859375
59,-0.046875,-0.9921875,0.05859375
60,-0.0546875,-0.99609375,0.0546875
61,-0.0546875,-0.98046875,0.0546875
62,-0.05078125,-0.99609375,0.05859375
63,-0.0625,-0.99609375,0.05859375
64,-0.05859375,-0.98828125,0.05859375
65,-0.05078125,-0.9921875,0.05859375
66,-0.0546875,-0.984375,0.0546875
67,-0.0546875,-1.0,0.08203125
68,-0.0625,-0.9921875,0.0625
69,-0.0703125,-1.0,0.07421875
70,-0.046875,-1.015625,0.05859375
71,-0.05078125,-1.0078125,0.0546875
72,-0.0546875,-0.99609375,0.0625
73,-0.0546875,-1.0,0.0546875
74,-0.05078125,-0.99609375,0.046875
75,-0.046875,-1.0,0.0546875
76,-0.046875,-1.0,0.0625
77,-0.05078125,-1.0,0.05078125
78,-0.046875,-0.98828125,0.06640625
79,-0.046875,-1.00390625,0.0625
80,-0.04296875,-0.99609375,0.0625
81,-0.046875,-0.99609375,0.05859375
82,-0.046875,-1.0,0.0625
83,-0.0390625,-1.0078125,0.05078125
84,-0.0546875,-1.0078125,0.06640625
85,-0.05859375,-0.99609375,0.0546875
86,-0.05859375,-0.99609375,0.05859375
87,-0.0546875,-0.9921875,0.06640625
88,-0.05859375,-0.99609375,0.05078125
89,-0.046875,-0.99609375,0.0703125
90,-0.05078125,-0.99609375,0.0703125
91,-0.03515625,-1.01171875,0.078125
92,-0.03515625,-0.96484375,0.0625
93,-0.04296875,-1.00390625,0.06640625
94,-0.046875,-0.984375,0.07421875
95,-0.04296875,-0.99609375,0.078125
96,-0.05078125,-0.98046875,0.0859375
97,-0.04296875,-0.9921875,0.0703125
98,-0.04296875,-0.98046875,0.0625
99,-0.0546875,-0.98828125,0.0625
100,-0.05078125,-0.98828125,0.0625
101,-0.046875,-0.98828125,0.0703125
102,-0.04296875,-0.984375,0.06640625
103,-0.03515625,-0.99609375,0.05078125
104,-0.046875,-1.00390625,0.08203125
105,-0.0390625,-0.99609375,0.06640625
106,-0.046875,-1.00390625,0.078125
107,-0.05859375,-1.0,0.0703125
108,-0.05078125,-1.0,0.0625
109,-0.0546875,-1.00390625,0.078125
110,-0.0546875,-0.9921875,0.05859375
111,-0.046875,-1.0078125,0.0625
112,-0.046875,-0.9921875,0.0703125
113,-0.05859375,-0.9921875,0.06640625
114,-0.04296875,-0.9921875,0.0625
115,-0.05859375,-1.0,0.0546875
116,-0.05078125,-0.99609375,0.0546875
117,-0.04296875,-1.0,0.07421875
118,-0.046875,-0.9921875,0.0546875
119,-0.05078125,-0.99609375,0.06640625
120,-0.0546875,-0.99609375,0.0625
121,-0.05078125,-0.99609375,0.08203125
122,-0.0390625,-1.0,0.05859375
123,-0.05078125,-0.9921875,0.06640625
124,-0.04296875,-0.99609375,0.07421875
125,-0.046875,-0.99609375,0.0546875
126,-0.04296875,-1.0,0.05859375
127,-0.0546875,-0.99609375,0.0546875
128,-0.0546875,-0.99609375,0.0625
129,-0.05859375,-0.9921875,0.06640625
130,-0.0546875,-1.0,0.05859375
131,-0.05078125,-0.98828125,0.0703125
132,-0.0625,-1.0,0.0546875
133,-0.04296875,-1.00390625,0.04296875
134,-0.05859375,-0.99609375,0.07421875
135,-0.0390625,-1.0234375,0.04296875
136,-0.05859375,-0.9921875,0.07421875
137,-0.0390625,-1.0078125,0.0703125
138,-0.04296875,-1.00390625,0.06640625
139,-0.046875,-1.0,0.05859375
140,-0.046875,-1.0,0.07421875
141,-0.046875,-1.0,0.0703125
142,-0.02734375,-0.9921875,0.0546875
143,-0.0546875,-0.9921875,0.0625
144,-0.0546875,-1.0,0.0625
145,-0.04296875,-0.99609375,0.0859375
146,-0.05078125,-0.9921875,0.06640625
147,-0.0546875,-0.99609375,0.06640625
148,-0.046875,-0.99609375,0.0703125
149,-0.05859375,-1.0,0.0703125
150,-0.05078125,-0.98828125,0.078125
151,-0.05859375,-0.98828125,0.0703125
152,-0.0546875,-0.98828125,0.0625
153,-0.0390625,-1.0,0.06640625
154,-0.0546875,-0.984375,0.0703125
155,-0.05859375,-0.9921875,0.0546875
156,-0.046875,-1.0,0.0703125
157,-0.046875,-0.98046875,0.0625
158,-0.05078125,-1.0078125,0.0703125
159,-0.04296875,-0.9921875,0.0625
160,-0.046875,-1.00390625,0.0703125
161,-0.0546875,-1.00390625,0.05078125
162,-0.04296875,-0.9921875,0.06640625
163,-0.05859375,-0.99609375,0.05859375
164,-0.04296875,-1.0,0.0625
165,-0.04296875,-1.01171875,0.06640625
166,-0.0546875,-0.9921875,0.0625
167,-0.046875,-1.00390625,0.05859375
168,-0.0546875,-0.98828125,0.0703125
169,-0.05859375,-0.98828125,0.078125
170,-0.0390625,-1.0,0.078125
171,-0.0546875,-0.99609375,0.08203125
172,-0.0546875,-0.9921875,0.08203125
173,-0.03515625,-0.99609375,0.07421875
174,-0.05859375,-0.9921875,0.06640625
175,-0.046875,-1.0,0.07421875
176,-0.04296875,-0.99609375,0.078125
177,-0.046875,-0.9921875,0.06640625
178,-0.0546875,-0.9765625,0.0703125
179,-0.05078125,-0.99609375,0.0546875
180,-0.05859375,-0.98828125,0.0703125
181,-0.0546875,-0.9921875,0.0625
182,-0.05859375,-0.99609375,0.09375
183,-0.05859375,-1.0,0.078125
184,-0.0546875,-0.9921875,0.078125
185,-0.06640625,-0.9921875,0.0703125
186,-0.0625,-0.9921875,0.06640625
187,-0.05859375,-0.98828125,0.0625
188,-0.0546875,-0.98828125,0.0703125
189,-0.05078125,-0.99609375,0.0625
190,-0.0625,-0.9921875,0.05078125
191,-0.0625,-1.0,0.0703125
192,-0.05078125,-1.0078125,0.046875
193,-0.0546875,-1.0,0.07421875
194,-0.0625,-1.0,0.0546875
195,-0.0546875,-0.9921875,0.06640625
196,-0.05078125,-0.984375,0.06640625
197,-0.0390625,-0.98828125,0.0703125
198,-0.05078125,-0.98828125,0.06640625
199,-0.04296875,-0.9921875,0.0703125
200,-0.02734375,-0.98828125,0.0546875
201,-0.046875,-0.984375,0.0625
202,-0.05078125,-0.99609375,0.0625
203,-0.0546875,-0.9921875,0.06640625
204,-0.03515625,-0.99609375,0.0703125
205,-0.04296875,-1.0078125,0.07421875
206,-0.04296875,-1.0,0.0546875
207,-0.046875,-1.00390625,0.078125
208,-0.0390625,-1.015625,0.0625
209,-0.0390625,-0.9921875,0.0703125
210,-0.0546875,-0.99609375,0.078125
211,-0.0390625,-0.99609375,0.078125
212,-0.04296875,-1.01171875,0.07421875
213,-0.046875,-1.0,0.08203125
214,-0.04296875,-0.9921875,0.078125
215,-0.04296875,-1.0,0.078125
216,-0.04296875,-0.9921875,0.07421875
217,-0.05078125,-0.98828125,0.06640625
218,-0.046875,-0.984375,0.0703125
219,-0.046875,-0.98828125,0.07421875
220,-0.046875,-0.99609375,0.06640625
221,-0.046875,-0.99609375,0.06640625
222,-0.04296875,-1.0078125,0.06640625
223,-0.0390625,-1.0078125,0.07421875
224,-0.046875,-0.9921875,0.0703125
225,-0.04296875,-1.0078125,0.0703125
226,-0.0546875,-0.99609375,0.078125
227,-0.0546875,-0.9921875,0.078125
228,-0.0546875,-1.0,0.0703125
229,-0.0546875,-0.99609375,0.07421875
230,-0.0546875,-0.9921875,0.06640625
231,-0.05078125,-0.9921875,0.0703125
232,-0.05078125,-1.0,0.0625
233,-0.046875,-0.99609375,0.08984375
234,-0.05078125,-1.00390625,0.078125
235,-0.04296875,-0.98828125,0.078125
236,-0.04296875,-0.9921875,0.07421875
237,-0.04296875,-1.01171875,0.07421875
238,-0.05078125,-0.98828125,0.0703125
239,-0.046875,-1.00390625,0.078125
240,-0.03515625,-0.9921875,0.06640625
241,-0.04296875,-0.99609375,0.0703125
242,-0.046875,-0.9921875,0.06640625
243,-0.046875,-1.0078125,0.06640625
244,-0.04296875,-0.984375,0.0703125
245,-0.05078125,-0.98828125,0.06640625
246,-0.0546875,-0.98046875,0.07421875
247,-0.0546875,-0.98828125,0.05859375
248,-0.04296875,-0.98828125,0.05078125
249,-0.046875,-0.99609375,0.0703125
250,-0.05078125,-0.98828125,0.05859375
251,-0.05078125,-0.9921875,0.06640625
252,-0.05078125,-1.0,0.05859375
253,-0.05078125,-0.99609375,0.078125
254,-0.0546875,-0.99609375,0.08984375
255,-0.046875,-1.00390625,0.06640625
256,-0.04296875,-1.015625,0.0703125
257,-0.05859375,-1.0,0.06640625
258,-0.04296875,-1.0,0.078125
259,-0.04296875,-1.0,0.05859375
260,-0.04296875,-0.9921875,0.08203125
261,-0.046875,-0.9921875,0.078125
262,-0.04296875,-1.0078125,0.06640625
263,-0.03515625,-0.99609375,0.07421875
264,-0.046875,-0.99609375,0.0703125
265,-0.03125,-1.0,0.0625
266,-0.05078125,-1.01171875,0.0625
267,-0.05859375,-0.9921875,0.0703125
268,-0.04296875,-0.99609375,0.078125
269,-0.05078125,-0.98828125,0.0703125
270,-0.0546875,-0.984375,0.06640625
271,-0.04296875,-0.9765625,0.05859375
272,-0.0625,-0.9765625,0.05859375
273,-0.0546875,-0.9765625,0.0625
274,-0.04296875,-1.0,0.06640625
275,-0.0546875,-1.0,0.05859375
276,-0.046875,-1.00390625,0.07421875
277,-0.04296875,-0.99609375,0.0625
278,-0.0546875,-1.0,0.0703125
279,-0.05078125,-1.0,0.08203125
280,-0.0546875,-0.99609375,0.078125
281,-0.04296875,-1.01171875,0.078125
282,-0.05859375,-0.98828125,0.0625
283,-0.046875,-0.9921875,0.06640625
284,-0.05078125,-0.984375,0.06640625
285,-0.03515625,-0.9921875,0.07421875
286,-0.0546875,-0.98828125,0.07421875
287,-0.07421875,-1.0,0.07421875
288,-0.05078125,-1.00390625,0.0703125
289,-0.05859375,-0.98828125,0.0625
290,-0.046875,-1.00390625,0.07421875
291,-0.0546875,-0.984375,0.078125
292,-0.046875,-1.0,0.0546875
293,-0.046875,-1.0,0.06640625
294,-0.05078125,-1.00390625,0.078125
295,-0.06640625,-0.99609375,0.078125
296,-0.0625,-0.98828125,0.08203125
297,-0.04296875,-1.00390625,0.06640625
298,-0.05859375,-1.01171875,0.08984375
299,-0.05078125,-1.0,0.05078125
300,-0.0546875,-1.0,0.078125
301,-0.06640625,-1.0,0.0546875
302,-0.05078125,-0.9921875,0.06640625
303,-0.0546875,-1.00390625,0.07421875
304,-0.046875,-0.99609375,0.0703125
305,-0.05078125,-1.0078125,0.0546875
306,-0.05078125,-1.0,0.07421875
307,-0.0625,-0.99609375,0.05078125
308,-0.05078125,-0.98828125,0.05859375
309,-0.09765625,-1.0078125,0.046875
310,-0.05859375,-0.9921875,0.0703125
311,-0.05078125,-0.98828125,0.07421875
312,-0.05859375,-0.984375,0.07421875
313,-0.04296875,-0.9921875,0.07421875
314,-0.046875,-0.98828125,0.08203125
315,-0.046875,-0.9765625,0.0625
316,-0.05859375,-0.9921875,0.0625
317,-0.0546875,-0.984375,0.0703125
318,-0.046875,-0.99609375,0.0625
319,-0.05078125,-0.98828125,0.0625
320,-0.05859375,-1.0,0.0703125
321,-0.05859375,-1.00390625,0.07421875
322,-0.05078125,-0.99609375,0.05859375
323,-0.0546875,-1.00390625,0.05859375
324,-0.0625,-1.0,0.08203125
325,-0.05078125,-0.98046875,0.07421875
326,-0.04296875,-1.0,0.05859375
327,-0.03515625,-1.0,0.0625
328,-0.05078125,-0.9921875,0.07421875
329,-0.04296875,-0.9921875,0.07421875
330,-0.05078125,-0.99609375,0.09375
331,-0.05859375,-1.0,0.0625
332,-0.04296875,-0.98828125,0.0625
333,-0.0390625,-0.99609375,0.0703125
334,-0.046875,-0.99609375,0.07421875
335,-0.04296875,-1.0,0.0703125
336,-0.05078125,-0.9921875,0.06640625
337,-0.05859375,-0.98828125,0.05859375
338,-0.046875,-1.01171875,0.0625
339,-0.046875,-0.98828125,0.0546875
340,-0.05859375,-1.0,0.0546875
341,-0.05859375,-0.9921875,0.0625
342,-0.046875,-1.0,0.06640625
343,-0.0546875,-1.00390625,0.0625
344,-0.05078125,-1.00390625,0.0703125
345,-0.0546875,-1.0,0.04296875
346,-0.0390625,-1.0,0.046875
347,-0.05859375,-1.0,0.0625
348,-0.05078125,-1.0,0.0625
349,-0.05859375,-1.0,0.06640625
350,-0.0546875,-0.9921875,0.046875
351,-0.0546875,-1.0078125,0.0546875
352,-0.05078125,-1.0078125,0.06640625
353,-0.04296875,-1.01171875,0.0703125
354,-0.05859375,-1.00390625,0.046875
355,-0.046875,-1.01171875,0.05859375
356,-0.0625,-1.00390625,0.05078125
357,-0.0625,-1.0078125,0.046875
358,-0.0546875,-1.0078125,0.046875
359,-0.0546875,-1.00390625,0.05078125
360,-0.05078125,-1.015625,0.046875
361,-0.0546875,-1.01171875,0.03125
362,-0.046875,-1.0,0.0390625
363,-0.0390625,-1.0234375,0.01953125
364,-0.06640625,-1.0,0.0234375
365,-0.0546875,-1.01953125,0.03125
366,-0.05859375,-1.0078125,0.0390625
367,-0.0625,-1.0078125,0.03515625
368,-0.05078125,-1.0078125,0.01953125
369,-0.0546875,-1.01171875,0.01953125
370,-0.0546875,-1.015625,0.0
371,-0.05859375,-1.01171875,0.01171875
372,-0.05859375,-1.015625,0.01953125
373,-0.05859375,-1.015625,0.02734375
374,-0.0625,-1.015625,0.0078125
375,-0.05078125,-1.01953125,0.01953125
376,-0.06640625,-1.01953125,0.0234375
377,-0.05859375,-1.015625,0.00390625
378,-0.0546875,-1.00390625,0.00390625
379,-0.0625,-1.00390625,0.0078125
380,-0.07421875,-0.99609375,-0.01171875
381,-0.05859375,-1.0,-0.00390625
382,-0.0546875,-0.9921875,0.0078125
383,-0.05078125,-0.99609375,-0.00390625
384,-0.06640625,-0.98828125,-0.00390625
385,-0.0625,-0.9921875,0.01953125
386,-0.05859375,-1.00390625,-0.0078125
387,-0.06640625,-0.99609375,-0.00390625
388,-0.0546875,-1.00390625,0.0078125
389,-0.06640625,-0.9921875,-0.00390625
390,-0.06640625,-1.0,-0.01171875
391,-0.0703125,-0.98046875,-0.00390625
392,-0.0546875,-0.98828125,0.015625
393,-0.0703125,-0.9921875,0.00390625
394,-0.07421875,-0.984375,0.00390625
395,-0.05078125,-0.984375,-0.015625
396,-0.06640625,-0.97265625,-0.01953125
397,-0.05859375,-0.98046875,-0.0078125
398,-0.05078125,-0.98046875,0.00390625
399,-0.0546875,-0.9921875,0.0078125
400,-0.0625,-0.99609375,-0.00390625
401,-0.0625,-1.015625,0.01953125
402,-0.0546875,-1.0078125,0.0234375
403,-0.05859375,-1.0234375,0.0078125
404,-0.04296875,-1.02734375,0.01953125
405,-0.05859375,-1.015625,0.015625
406,-0.046875,-1.015625,0.01171875
407,-0.05078125,-1.01953125,0.015625
408,-0.0546875,-1.01171875,-0.00390625
409,-0.04296875,-1.0078125,0.02734375
410,-0.05078125,-1.00390625,0.015625
411,-0.0546875,-0.99609375,0.00390625
412,-0.05078125,-0.98046875,-0.00390625
413,-0.0546875,-0.96875,-0.015625
414,-0.0546875,-0.97265625,-0.01171875
415,-0.0546875,-0.98046875,0.00390625
416,-0.0546875,-0.984375,0.0078125
417,-0.05078125,-1.0,0.01171875
418,-0.0546875,-1.00390625,-0.01171875
419,-0.05078125,-1.02734375,0.01171875
420,-0.05078125,-1.01953125,0.015625
421,-0.05078125,-1.0234375,-0.00390625
422,-0.0625,-1.01953125,-0.0078125
423,-0.05859375,-1.01171875,-0.02734375
424,-0.05859375,-1.015625,-0.015625
425,-0.0546875,-1.015625,-0.04296875
426,-0.05078125,-1.03125,-0.02734375
427,-0.0546875,-1.01953125,-0.0390625
428,-0.05859375,-1.0390625,-0.03515625
429,-0.046875,-1.03125,-0.0625
430,-0.0625,-1.046875,-0.0625
431,-0.046875,-1.05859375,-0.0625
432,-0.046875,-1.0546875,-0.06640625
433,-0.0625,-1.06640625,-0.07421875
434,-0.05078125,-1.0703125,-0.078125
435,-0.06640625,-1.0703125,-0.0859375
436,-0.0703125,-1.0703125,-0.09375
437,-0.0625,-1.0625,-0.10546875
438,-0.0546875,-1.05859375,-0.1015625
439,-0.0625,-1.0546875,-0.11328125
440,-0.06640625,-1.03515625,-0.13671875
441,-0.0546875,-1.02734375,-0.12890625
442,-0.06640625,-0.98828125,-0.1484375
443,-0.0625,-0.96484375,-0.16015625
444,-0.06640625,-0.96875,-0.1796875
445,-0.05859375,-0.94140625,-0.17578125
446,-0.05859375,-0.94140625,-0.1953125
447,-0.078125,-0.9296875,-0.21484375
448,-0.0703125,-0.93359375,-0.21484375
449,-0.0546875,-0.92578125,-0.23046875
450,-0.05078125,-0.91015625,-0.25390625
451,-0.0546875,-0.8828125,-0.26953125
452,-0.0546875,-0.87109375,-0.27734375
453,-0.0234375,-0.87109375,-0.296875
454,-0.015625,-0.85546875,-0.3125
455,-0.00390625,-0.8203125,-0.31640625
456,0.0,-0.796875,-0.3359375
457,0.0078125,-0.76171875,-0.37109375
458,0.00390625,-0.7265625,-0.41015625
459,0.01171875,-0.6875,-0.44140625
460,0.015625,-0.6640625,-0.47265625
461,0.01171875,-0.64453125,-0.46875
462,0.0078125,-0.6171875,-0.48828125
463,-0.01171875,-0.5859375,-0.5
464,0.00390625,-0.58203125,-0.515625
465,-0.015625,-0.54296875,-0.53515625
466,-0.0234375,-0.51171875,-0.55078125
467,-0.03125,-0.5,-0.53515625
468,-0.02734375,-0.48828125,-0.5546875
469,-0.015625,-0.46875,-0.55859375
470,-0.046875,-0.44921875,-0.546875
471,-0.04296875,-0.42578125,-0.515625
472,-0.03125,-0.37109375,-0.51171875
473,-0.015625,-0.34375,-0.50390625
474,-0.01171875,-0.29296875,-0.40625
475,0.0078125,-0.26953125,-0.38671875
476,0.015625,-0.25390625,-0.3359375
477,0.01953125,-0.265625,-0.32421875
478,0.01171875,-0.23046875,-0.26171875
479,0.0,-0.2265625,-0.22265625
480,0.0,-0.21875,-0.2109375
481,-0.00390625,-0.2421875,-0.1796875
482,-0.0078125,-0.265625,-0.140625
483,-0.03515625,-0.28515625,-0.08984375
484,-0.0546875,-0.3359375,-0.0390625
485,-0.04296875,-0.41796875,0.0078125
486,-0.0625,-0.5078125,0.05078125
487,-0.07421875,-0.5703125,0.1640625
488,-0.109375,-0.62890625,0.27734375
489,-0.12109375,-0.6796875,0.34375
490,-0.11328125,-0.71484375,0.359375
491,-0.0859375,-0.73046875,0.3671875
492,-0.0703125,-0.76171875,0.375
493,-0.02734375,-0.7265625,0.359375
494,0.00390625,-0.69140625,0.3203125
495,-0.00390625,-0.671875,0.3125
496,-0.0078125,-0.62890625,0.27734375
497,0.0078125,-0.625,0.23046875
498,0.01171875,-0.6484375,0.2109375
499,-0.00390625,-0.67578125,0.203125
500,-0.078125,-0.71484375,0.203125
501,-0.12109375,-0.8203125,0.17578125
502,-0.16796875,-0.94140625,0.0703125
503,-0.1484375,-1.09375,-0.12109375
504,-0.1796875,-1.1640625,-0.265625
505,-0.109375,-1.1875,-0.5
506,0.05078125,-1.28515625,-0.6171875
507,0.2421875,-1.4375,-0.71875
508,0.26171875,-1.34375,-0.3984375
509,0.453125,-1.26171875,-0.11328125
510,0.63671875,-1.22265625,0.125
511,0.69921875,-1.265625,0.265625
512,0.55078125,-1.265625,0.203125
513,0.2421875,-1.390625,0.1328125
514,0.0390625,-1.59765625,0.12109375
515,-0.39453125,-1.578125,0.0546875
516,-0.734375,-1.4375,0.07421875
517,-0.73046875,-1.4453125,0.07421875
518,-0.71484375,-1.484375,0.0859375
519,-0.73046875,-1.51953125,0.015625
520,-0.6796875,-1.49609375,-0.0859375
521,-0.59375,-1.44921875,-0.26171875
522,-0.3671875,-1.40234375,-0.4765625
523,-0.0390625,-1.31640625,-0.5625
524,0.19921875,-1.2265625,-0.5234375
525,0.3515625,-1.19921875,-0.4140625
526,0.33203125,-1.22265625,-0.25390625
527,0.23046875,-1.29296875,-0.03515625
528,0.09765625,-1.3828125,0.1328125
529,-0.0390625,-1.40234375,0.13671875
530,-0.07421875,-1.46484375,0.1015625
531,-0.00390625,-1.4609375,0.0234375
532,0.06640625,-1.44921875,-0.04296875
533,0.125,-1.39453125,-0.0625
534,0.12890625,-1.328125,-0.12109375
535,0.13671875,-1.2421875,-0.171875
536,0.0703125,-1.1875,-0.11328125
537,0.03515625,-1.16796875,-0.08203125
538,0.0,-1.1484375,-0.02734375
539,-0.03515625,-1.10546875,0.0
540,-0.0703125,-1.07421875,0.02734375
541,-0.1171875,-1.01953125,0.05859375
542,-0.13671875,-0.984375,0.0859375
543,-0.125,-0.9765625,0.09375
544,-0.08203125,-0.9921875,0.12890625
545,-0.03515625,-1.015625,0.1796875
546,0.0546875,-1.1328125,0.2109375
547,0.09765625,-1.28125,0.24609375
548,0.09765625,-1.5390625,0.30859375
549,0.15625,-2.140625,0.421875
550,0.1484375,-2.55078125,0.62109375
551,0.21875,-2.91015625,0.6875
552,0.16015625,-3.0546875,0.640625
553,-0.26171875,-3.0625,0.44921875
554,-0.5703125,-2.73046875,0.16015625
555,-0.34375,-2.33984375,0.0078125
556,0.08203125,-2.046875,0.1015625
557,0.078125,-1.953125,0.015625
558,-0.25390625,-1.9140625,-0.078125
559,-0.50390625,-1.90625,-0.171875
560,-0.51953125,-1.80859375,0.0
561,-0.4453125,-1.59375,0.078125
562,-0.296875,-1.2890625,0.03125
563,-0.19921875,-0.98046875,-0.07421875
564,-0.15234375,-0.75390625,-0.19921875
565,-0.125,-0.59765625,-0.26171875
566,-0.08984375,-0.49609375,-0.19921875
567,-0.1171875,-0.46875,-0.078125
568,-0.12109375,-0.453125,0.02734375
569,-0.12109375,-0.40234375,0.16796875
570,-0.11328125,-0.41796875,0.30078125
571,-0.125,-0.4609375,0.40234375
572,-0.09375,-0.48828125,0.44921875
573,-0.0390625,-0.53515625,0.50390625
574,-0.00390625,-0.55078125,0.51953125
575,0.0078125,-0.57421875,0.546875
576,0.03125,-0.6171875,0.5625
577,0.046875,-0.71875,0.5546875
578,0.05859375,-0.86328125,0.55859375
579,0.046875,-1.00390625,0.52734375
580,0.01171875,-1.13671875,0.4921875
581,-0.0234375,-1.2265625,0.4609375
582,-0.07421875,-1.234375,0.42578125
583,-0.0859375,-1.20703125,0.41015625
584,-0.09375,-1.125,0.38671875
585,-0.0703125,-1.046875,0.39453125
586,-0.046875,-0.9921875,0.37109375
587,0.0,-0.94921875,0.34765625
588,0.02734375,-0.890625,0.33203125
589,0.046875,-0.84375,0.3203125
590,0.05859375,-0.83203125,0.296875
591,0.08203125,-0.81640625,0.26953125
592,0.0859375,-0.8125,0.21875
593,0.078125,-0.85546875,0.22265625
594,0.07421875,-0.89453125,0.21484375
595,0.05078125,-0.96484375,0.2109375
596,0.05859375,-0.9921875,0.21484375
597,0.046875,-1.03515625,0.234375
598,0.06640625,-1.0625,0.203125
599,0.078125,-1.0859375,0.19140625
600,0.07421875,-1.109375,0.1875
601,0.08203125,-1.1328125,0.1796875
602,0.09375,-1.1015625,0.15625
603,0.09375,-1.09375,0.140625
604,0.09765625,-1.05859375,0.1171875
605,0.09375,-1.03515625,0.07421875
606,0.078125,-1.05078125,0.1015625
607,0.078125,-1.03515625,0.09765625
608,0.04296875,-1.03125,0.09375
609,0.01953125,-1.00390625,0.078125
610,0.01171875,-1.00390625,0.078125
611,0.0078125,-1.0078125,0.09765625
612,-0.0078125,-1.00390625,0.109375
613,-0.01953125,-1.0,0.10546875
614,-0.03125,-0.99609375,0.11328125
615,-0.02734375,-0.98828125,0.11328125
616,-0.0546875,-0.98046875,0.12890625
617,-0.05078125,-0.96484375,0.15234375
618,-0.078125,-0.93359375,0.140625
619,-0.0859375,-0.94921875,0.16796875
620,-0.08984375,-0.9296875,0.17578125
621,-0.0859375,-0.9375,0.19921875
622,-0.07421875,-0.953125,0.234375
623,-0.0859375,-0.94921875,0.234375
624,-0.078125,-0.94921875,0.26171875
625,-0.07421875,-0.94140625,0.2734375
626,-0.06640625,-0.94921875,0.2890625
627,-0.0625,-0.953125,0.31640625
628,-0.078125,-0.94140625,0.33203125
629,-0.0625,-0.96484375,0.35546875
630,-0.0546875,-0.9609375,0.34765625
631,-0.046875,-0.9609375,0.34765625
632,-0.07421875,-0.9296875,0.35546875
633,-0.05859375,-0.9296875,0.3359375
634,-0.07421875,-0.8984375,0.37109375
635,-0.0703125,-0.87890625,0.375
636,-0.07421875,-0.8671875,0.390625
637,-0.0703125,-0.85546875,0.390625
638,-0.0625,-0.8671875,0.3828125
639,-0.0546875,-0.875,0.38671875
640,-0.04296875,-0.86328125,0.42578125
641,-0.0390625,-0.890625,0.4296875
642,-0.02734375,-0.88671875,0.43359375
643,-0.015625,-0.8828125,0.4375
644,0.0,-0.890625,0.42578125
645,0.0,-0.87890625,0.44140625
646,0.00390625,-0.8828125,0.44921875
647,0.0,-0.87109375,0.453125
648,0.0,-0.86328125,0.4375
649,0.0,-0.85546875,0.43359375
650,0.0,-0.84375,0.44140625
651,0.0,-0.85546875,0.44921875
652,0.0,-0.84765625,0.43359375
653,-0.0078125,-0.84375,0.44921875
654,-0.01171875,-0.87109375,0.44140625
655,-0.00390625,-0.85546875,0.44921875
656,-0.015625,-0.86328125,0.4375
657,-0.0078125,-0.859375,0.43359375
658,-0.0078125,-0.859375,0.44140625
659,0.0,-0.87109375,0.453125
660,0.0,-0.86328125,0.4375
661,0.00390625,-0.86328125,0.44140625
662,0.00390625,-0.86328125,0.4296875
663,0.0,-0.859375,0.453125
664,0.00390625,-0.85546875,0.44140625
665,-0.00390625,-0.8515625,0.4453125
666,0.0,-0.859375,0.4375
667,-0.0078125,-0.859375,0.421875
668,-0.03125,-0.86328125,0.4296875
669,-0.03125,-0.8515625,0.43359375
670,-0.03515625,-0.86328125,0.41796875
671,-0.01953125,-0.88671875,0.41015625
672,-0.01953125,-0.89453125,0.41796875
673,-0.02734375,-0.8828125,0.4296875
674,-0.01171875,-0.8828125,0.43359375
675,-0.02734375,-0.87890625,0.4375
676,-0.046875,-0.875,0.421875
677,-0.01953125,-0.87109375,0.421875
678,-0.015625,-0.87890625,0.421875
679,-0.01171875,-0.86328125,0.421875
680,-0.015625,-0.86328125,0.421875
681,-0.015625,-0.85546875,0.4140625
682,-0.03125,-0.8671875,0.41015625
683,-0.02734375,-0.875,0.40625
684,-0.03125,-0.87890625,0.41796875
685,-0.03125,-0.89453125,0.4140625
686,-0.0234375,-0.890625,0.40625
687,-0.01953125,-0.90625,0.421875
688,-0.0390625,-0.8984375,0.42578125
689,-0.03125,-0.9140625,0.41796875
690,-0.02734375,-0.88671875,0.4296875
691,-0.02734375,-0.90234375,0.4296875
692,-0.0078125,-0.90234375,0.43359375
693,-0.01953125,-0.890625,0.44140625
694,-0.00390625,-0.88671875,0.42578125
695,-0.0234375,-0.8828125,0.44921875
696,-0.0078125,-0.87890625,0.43359375
697,-0.01171875,-0.875,0.4375
698,-0.01953125,-0.89453125,0.43359375
699,-0.0234375,-0.90234375,0.421875
700,-0.02734375,-0.91015625,0.43359375
701,-0.03515625,-0.92578125,0.421875
702,-0.04296875,-0.921875,0.4140625
703,-0.0390625,-0.92578125,0.40625
704,-0.03125,-0.90625,0.40234375
705,-0.02734375,-0.890625,0.38671875
706,-0.01953125,-0.87109375,0.421875
707,-0.0078125,-0.875,0.40625
708,-0.00390625,-0.8671875,0.390625
709,-0.0078125,-0.875,0.39453125
710,0.0,-0.86328125,0.41015625
711,0.0,-0.859375,0.41015625
712,0.0,-0.87109375,0.41796875
713,0.0,-0.875,0.421875
714,-0.01171875,-0.87109375,0.42578125
715,-0.00390625,-0.875,0.42578125
716,-0.0078125,-0.890625,0.4296875
717,0.0,-0.8984375,0.43359375
718,-0.0078125,-0.90234375,0.421875
719,-0.0078125,-0.8984375,0.4296875
720,0.0,-0.90234375,0.4296875
721,-0.01953125,-0.8984375,0.43359375
722,-0.01171875,-0.89453125,0.4453125
723,-0.00390625,-0.890625,0.4296875
724,-0.00390625,-0.88671875,0.42578125
725,-0.00390625,-0.890625,0.4296875
726,-0.00390625,-0.875,0.4375
727,-0.0078125,-0.87890625,0.4296875
728,-0.015625,-0.8671875,0.42578125
729,-0.0078125,-0.875,0.44140625
730,-0.015625,-0.88671875,0.4140625
731,-0.02734375,-0.87109375,0.44140625
732,-0.0234375,-0.87109375,0.4375
733,-0.0234375,-0.8828125,0.42578125
734,-0.015625,-0.875,0.4140625
735,-0.01171875,-0.88671875,0.43359375
736,-0.01171875,-0.88671875,0.4453125
737,-0.0078125,-0.890625,0.43359375
738,-0.015625,-0.890625,0.4296875
739,-0.0078125,-0.8984375,0.421875
740,-0.01953125,-0.890625,0.4296875
741,-0.01953125,-0.890625,0.43359375
742,0.0,-0.87890625,0.42578125
743,-0.015625,-0.87890625,0.43359375
744,-0.00390625,-0.88671875,0.43359375
745,-0.00390625,-0.88671875,0.41796875
746,-0.0234375,-0.87890625,0.4375
747,0.0,-0.890625,0.43359375
748,-0.0078125,-0.890625,0.43359375
749,-0.0078125,-0.8984375,0.42578125
750,-0.0078125,-0.8828125,0.421875
751,-0.0078125,-0.88671875,0.4375
752,-0.015625,-0.90234375,0.45703125
753,-0.01171875,-0.88671875,0.4296875
754,0.0,-0.89453125,0.4375
755,-0.00390625,-0.8828125,0.42578125
756,-0.00390625,-0.890625,0.4375
757,-0.01953125,-0.87890625,0.43359375
758,-0.00390625,-0.87890625,0.4296875
759,-0.0078125,-0.890625,0.4453125
760,0.0,-0.875,0.4453125
761,0.0,-0.86328125,0.4453125
762,0.0,-0.87109375,0.42578125
763,0.015625,-0.87890625,0.44921875
764,-0.01171875,-0.87109375,0.42578125
765,-0.00390625,-0.875,0.44140625
766,0.0,-0.87890625,0.4296875
767,-0.01171875,-0.87890625,0.4296875
768,0.0,-0.87109375,0.421875
769,-0.00390625,-0.87109375,0.44140625
770,0.00390625,-0.87890625,0.421875
771,0.0,-0.87890625,0.43359375
772,-0.00390625,-0.890625,0.43359375
773,-0.0078125,-0.87890625,0.41796875
774,-0.015625,-0.890625,0.421875
775,-0.015625,-0.90625,0.421875
776,-0.01171875,-0.91015625,0.41015625
777,-0.015625,-0.91015625,0.41796875
778,-0.0234375,-0.89453125,0.4140625
779,-0.015625,-0.90625,0.40234375
780,-0.01953125,-0.90234375,0.40625
781,-0.015625,-0.9140625,0.41015625
782,-0.01953125,-0.9140625,0.41015625
783,-0.03515625,-0.9140625,0.40234375
784,-0.0234375,-0.90625,0.40234375
785,-0.02734375,-0.91796875,0.39453125
786,-0.03515625,-0.9140625,0.40234375
787,-0.03515625,-0.91015625,0.39453125
788,-0.03515625,-0.921875,0.3984375
789,-0.03125,-0.9140625,0.40234375
790,-0.03125,-0.91796875,0.39453125
791,-0.0234375,-0.91015625,0.390625
792,-0.01953125,-0.90234375,0.39453125
793,-0.02734375,-0.90234375,0.3984375
794,-0.015625,-0.8984375,0.3984375
795,-0.02734375,-0.92578125,0.40625
796,-0.0234375,-0.921875,0.390625
797,-0.01171875,-0.9140625,0.40625
798,-0.015625,-0.90625,0.40625
799,-0.01953125,-0.8984375,0.41015625
800,-0.02734375,-0.89453125,0.3984375
801,-0.01953125,-0.89453125,0.40625
802,-0.01171875,-0.90234375,0.40234375
803,-0.015625,-0.90625,0.4140625
804,-0.00390625,-0.8984375,0.4140625
805,-0.015625,-0.9140625,0.40625
806,-0.03515625,-0.90234375,0.42578125
807,-0.0078125,-0.8984375,0.41796875
808,-0.01953125,-0.90625,0.42578125
809,-0.01953125,-0.90234375,0.42578125
810,-0.0078125,-0.8984375,0.42578125
811,-0.01171875,-0.8984375,0.4296875
812,-0.015625,-0.88671875,0.4296875
813,-0.0078125,-0.90234375,0.44140625
814,-0.01953125,-0.890625,0.42578125
815,-0.0234375,-0.890625,0.4453125
816,-0.01171875,-0.8828125,0.421875
817,-0.0078125,-0.8828125,0.40234375
818,-0.015625,-0.890625,0.40234375
819,-0.03125,-0.87109375,0.40625
820,-0.0234375,-0.87890625,0.39453125
821,-0.01953125,-0.87890625,0.41015625
822,-0.01953125,-0.88671875,0.3828125
823,-0.00390625,-0.8828125,0.40625
824,-0.01953125,-0.89453125,0.41796875
825,-0.0078125,-0.89453125,0.41015625
826,-0.015625,-0.89453125,0.41796875
827,-0.01171875,-0.90234375,0.41796875
828,-0.015625,-0.88671875,0.41796875
829,0.0,-0.91015625,0.4296875
830,-0.00390625,-0.8984375,0.421875
831,-0.0078125,-0.890625,0.4140625
832,-0.0234375,-0.890625,0.4140625
833,-0.0078125,-0.8984375,0.41796875
834,-0.01953125,-0.89453125,0.421875
835,-0.0234375,-0.89453125,0.4140625
836,-0.00390625,-0.90625,0.4140625
837,-0.0234375,-0.90234375,0.40234375
838,-0.015625,-0.90234375,0.3984375
839,-0.01171875,-0.90234375,0.390625
840,-0.00390625,-0.91015625,0.40234375
841,0.0,-0.90625,0.3828125
842,0.0,-0.91015625,0.375
843,0.0,-0.90625,0.39453125
844,0.0,-0.91015625,0.38671875
845,-0.0078125,-0.91015625,0.3984375
846,-0.0078125,-0.89453125,0.3984375
847,0.0,-0.91015625,0.38671875
848,0.0,-0.89453125,0.4140625
849,-0.01953125,-0.890625,0.41015625
850,-0.0078125,-0.9140625,0.38671875
851,0.0,-0.8984375,0.40625
852,-0.0234375,-0.8984375,0.41015625
853,-0.0078125,-0.89453125,0.40625
854,-0.015625,-0.8984375,0.39453125
855,-0.0078125,-0.9140625,0.3984375
856,0.0,-0.91015625,0.41796875
857,-0.02734375,-0.90625,0.4140625
858,-0.01171875,-0.91796875,0.3984375
859,-0.02734375,-0.90625,0.4140625
860,-0.015625,-0.90234375,0.40234375
861,-0.0234375,-0.89453125,0.40234375
862,-0.02734375,-0.90625,0.4140625
863,-0.01171875,-0.89453125,0.3984375
864,-0.0234375,-0.890625,0.40625
865,-0.01171875,-0.90625,0.390625
866,-0.02734375,-0.90625,0.3984375
867,-0.01171875,-0.8984375,0.3984375
868,-0.00390625,-0.91015625,0.38671875
869,-0.0234375,-0.91015625,0.40625
870,-0.015625,-0.8984375,0.38671875
871,-0.015625,-0.91015625,0.40234375
872,-0.0078125,-0.9140625,0.39453125
873,-0.01171875,-0.90234375,0.39453125
874,-0.00390625,-0.89453125,0.41015625
875,-0.0078125,-0.8984375,0.39453125
876,0.0,-0.91015625,0.40234375
877,0.0,-0.8984375,0.37890625
878,-0.01171875,-0.91015625,0.37109375
879,-0.00390625,-0.91015625,0.36328125
880,0.0,-0.91015625,0.3515625
881,-0.0234375,-0.88671875,0.359375
882,-0.01171875,-0.8984375,0.37109375
883,-0.00390625,-0.890625,0.3515625
884,-0.015625,-0.91015625,0.36328125
885,-0.01171875,-0.91015625,0.35546875
886,-0.01953125,-0.91015625,0.34765625
887,-0.0078125,-0.90234375,0.35546875
888,-0.015625,-0.8984375,0.34375
889,-0.0234375,-0.91015625,0.33203125
890,0.0,-0.8984375,0.328125
891,-0.01171875,-0.90234375,0.31640625
892,0.00390625,-0.921875,0.33203125
893,0.0,-0.90234375,0.3359375
894,0.015625,-0.91015625,0.3515625
895,0.01171875,-0.93359375,0.31640625
896,0.0,-0.9609375,0.30859375
897,0.00390625,-0.96875,0.296875
898,-0.01171875,-0.9609375,0.2890625
899,-0.01953125,-0.95703125,0.29296875
900,-0.0234375,-0.94921875,0.3046875
901,-0.01953125,-0.94140625,0.3125
902,-0.02734375,-0.9375,0.30859375
903,-0.0234375,-0.93359375,0.32421875
904,-0.01171875,-0.94140625,0.328125
905,-0.0234375,-0.9375,0.32421875
906,-0.01171875,-0.921875,0.3203125
907,-0.015625,-0.921875,0.30859375
908,-0.03125,-0.92578125,0.31640625
909,-0.015625,-0.9375,0.31640625
910,-0.02734375,-0.9453125,0.3046875
911,-0.0390625,-0.9453125,0.328125
912,-0.015625,-0.9375,0.3203125
913,-0.0234375,-0.94921875,0.328125
914,-0.0234375,-0.92578125,0.3125
915,-0.01171875,-0.921875,0.31640625
916,-0.015625,-0.921875,0.31640625
917,-0.015625,-0.89453125,0.328125
918,-0.00390625,-0.91015625,0.328125
919,0.0,-0.8984375,0.328125
920,-0.00390625,-0.89453125,0.328125
921,0.00390625,-0.88671875,0.30859375
922,0.00390625,-0.890625,0.3125
923,0.00390625,-0.89453125,0.3125
924,0.01171875,-0.88671875,0.3125
925,0.01171875,-0.890625,0.3125
926,0.015625,-0.90234375,0.328125
927,0.01171875,-0.91015625,0.32421875
928,0.01953125,-0.91015625,0.32421875
929,0.01171875,-0.91015625,0.3203125
930,0.00390625,-0.91796875,0.30859375
931,-0.0078125,-0.921875,0.33203125
932,-0.00390625,-0.8984375,0.3359375
933,-0.00390625,-0.90234375,0.32421875
934,-0.0078125,-0.89453125,0.3203125
935,-0.01171875,-0.9140625,0.32421875
936,-0.02734375,-0.90625,0.33203125
937,-0.0234375,-0.890625,0.3046875
938,-0.01171875,-0.8828125,0.328125
939,-0.01953125,-0.8828125,0.31640625
940,-0.04296875,-0.88671875,0.3125
941,-0.0390625,-0.89453125,0.2890625
942,-0.05078125,-0.90625,0.29296875
943,-0.05078125,-0.91015625,0.2890625
944,-0.04296875,-0.921875,0.25390625
945,-0.0546875,-0.91015625,0.2578125
946,-0.0234375,-0.921875,0.24609375
947,-0.03515625,-0.92578125,0.2421875
948,-0.0390625,-0.93359375,0.23828125
949,-0.05078125,-0.9375,0.23046875
950,-0.02734375,-0.95703125,0.23828125
951,-0.03125,-0.9453125,0.1953125
952,-0.04296875,-0.96484375,0.2109375
953,-0.046875,-0.95703125,0.1796875
954,-0.03125,-0.96484375,0.1875
955,-0.03515625,-0.96875,0.17578125
956,-0.0390625,-0.98828125,0.1640625
957,-0.04296875,-0.96875,0.15234375
958,-0.02734375,-0.99609375,0.125
959,-0.03125,-1.0,0.125
960,-0.01171875,-1.00390625,0.1015625
961,-0.01171875,-1.0,0.046875
962,-0.00390625,-1.015625,0.06640625
963,0.0,-0.99609375,0.02734375
964,0.01171875,-0.9765625,0.01171875
965,0.015625,-0.9609375,-0.0078125
966,0.01953125,-0.9296875,-0.0390625
967,0.01953125,-0.9296875,-0.05859375
968,0.02734375,-0.94140625,-0.05859375
969,0.01953125,-0.953125,-0.078125
970,0.015625,-0.96484375,-0.08203125
971,-0.00390625,-0.98046875,-0.06640625
972,-0.0078125,-0.9921875,-0.0703125
973,-0.03515625,-0.98828125,-0.078125
974,-0.0546875,-0.98046875,-0.07421875
975,-0.08203125,-0.9375,-0.06640625
976,-0.09375,-0.921875,-0.04296875
977,-0.0859375,-0.9140625,-0.0625
978,-0.109375,-0.87890625,-0.0625
979,-0.109375,-0.828125,-0.05859375
980,-0.10546875,-0.93359375,0.09765625
981,-0.1328125,-0.90234375,0.0859375
982,-0.06640625,-0.91796875,0.14453125
983,-0.078125,-0.95703125,0.21484375
984,-0.09375,-0.99609375,0.3203125
985,-0.10546875,-1.1015625,0.390625
986,-0.0625,-1.171875,0.43359375
987,-0.06640625,-1.28515625,0.4609375
988,-0.0234375,-1.34765625,0.4296875
989,-0.05078125,-1.37890625,0.44140625
990,-0.0078125,-1.51953125,0.56640625
991,-0.01171875,-1.68359375,0.6171875
992,0.0234375,-1.83203125,0.64453125
993,0.1015625,-1.95703125,0.6328125
994,0.234375,-2.0078125,0.59375
995,0.33984375,-1.91796875,0.5078125
996,0.40234375,-1.7890625,0.3828125
997,0.390625,-1.78125,0.30078125
998,0.27734375,-1.77734375,0.21875
999,0.1640625,-1.81640625,0.203125
1000,0.06640625,-1.90234375,0.19140625
1001,-0.07421875,-1.96875,0.20703125
1002,-0.12890625,-2.03515625,0.19140625
1003,-0.2578125,-2.1328125,0.14453125
1004,-0.37109375,-2.1953125,0.0
1005,-0.46875,-2.21875,-0.140625
1006,-0.453125,-2.3046875,-0.2734375
1007,-0.4375,-2.38671875,-0.17578125
1008,-0.3671875,-2.359375,-0.07421875
1009,-0.26171875,-2.2109375,0.0625
1010,-0.14453125,-1.9453125,0.1640625
1011,-0.01953125,-1.671875,0.1484375
1012,0.04296875,-1.46875,0.109375
1013,0.06640625,-1.31640625,-0.0078125
1014,0.08203125,-1.2265625,-0.1640625
1015,0.046875,-1.25,-0.2734375
1016,0.03515625,-1.26953125,-0.3828125
1017,0.0234375,-1.34375,-0.44921875
1018,0.02734375,-1.44921875,-0.484375
1019,0.015625,-1.55078125,-0.515625
1020,0.01171875,-1.65625,-0.55078125
1021,-0.01171875,-1.74609375,-0.55859375
1022,-0.00390625,-1.83984375,-0.53515625
1023,-0.09375,-1.94921875,-0.515625
1024,-0.0546875,-1.73828125,-0.60546875
1025,-0.0625,-1.6796875,-0.51171875
1026,-0.10546875,-1.59375,-0.46484375
1027,-0.10546875,-1.453125,-0.5
1028,-0.1015625,-1.34765625,-0.55859375
1029,-0.10546875,-1.26953125,-0.58203125
1030,-0.09375,-1.1875,-0.58203125
1031,-0.1015625,-1.08984375,-0.61328125
1032,-0.078125,-0.98828125,-0.62109375
1033,-0.0703125,-0.91796875,-0.60546875
1034,-0.046875,-0.84765625,-0.55078125
1035,-0.06640625,-0.78125,-0.51953125
1036,-0.08203125,-0.7265625,-0.47265625
1037,-0.0859375,-0.6875,-0.4375
1038,-0.10546875,-0.64453125,-0.421875
1039,-0.12109375,-0.6328125,-0.375
1040,-0.125,-0.6015625,-0.34375
1041,-0.16015625,-0.6015625,-0.33203125
1042,-0.109375,-0.6015625,-0.30078125
1043,-0.12109375,-0.62109375,-0.265625
1044,-0.12109375,-0.65234375,-0.24609375
1045,-0.125,-0.6796875,-0.21875
1046,-0.1328125,-0.69921875,-0.2265625
1047,-0.15234375,-0.69921875,-0.23046875
1048,-0.1328125,-0.6875,-0.23828125
1049,-0.125,-0.69140625,-0.23828125
1050,-0.12109375,-0.67578125,-0.23828125
1051,-0.109375,-0.66796875,-0.24609375
1052,-0.1015625,-0.6328125,-0.23046875
1053,-0.0703125,-0.60546875,-0.234375
1054,-0.05859375,-0.59765625,-0.234375
1055,-0.03125,-0.59765625,-0.1953125
1056,-0.0625,-0.59375,-0.1328125
1057,-0.08203125,-0.58203125,-0.17578125
1058,-0.06640625,-0.54296875,-0.1328125
1059,-0.1171875,-0.51171875,-0.125
1060,-0.10546875,-0.45703125,-0.17578125
1061,-0.078125,-0.3984375,-0.1875
1062,-0.05859375,-0.37109375,-0.19140625
1063,-0.0625,-0.35546875,-0.18359375
1064,-0.06640625,-0.33203125,-0.13671875
1065,-0.078125,-0.3515625,-0.1484375
1066,-0.07421875,-0.36328125,-0.1328125
1067,-0.0859375,-0.37109375,-0.12109375
1068,-0.078125,-0.375,-0.125
1069,-0.08203125,-0.390625,-0.10546875
1070,-0.078125,-0.39453125,-0.1171875
1071,-0.08984375,-0.37890625,-0.13671875
1072,-0.07421875,-0.390625,-0.14453125
1073,-0.05859375,-0.40625,-0.16796875
1074,-0.08203125,-0.40625,-0.1640625
1075,-0.05859375,-0.40234375,-0.1875
1076,-0.0234375,-0.41796875,-0.1953125
1077,0.0,-0.4140625,-0.21875
1078,-0.00390625,-0.4296875,-0.20703125
1079,0.01171875,-0.4140625,-0.25390625
1080,0.03125,-0.40234375,-0.26953125
1081,0.046875,-0.421875,-0.28125
1082,0.046875,-0.421875,-0.265625
1083,0.03515625,-0.43359375,-0.2734375
1084,0.03125,-0.4453125,-0.28125
1085,0.015625,-0.45703125,-0.2734375
1086,0.03515625,-0.48828125,-0.2734375
1087,0.03515625,-0.515625,-0.2421875
1088,0.046875,-0.56640625,-0.23046875
1089,0.03125,-0.57421875,-0.24609375
1090,0.01953125,-0.59765625,-0.23828125
1091,0.0,-0.62109375,-0.25390625
1092,0.0,-0.65234375,-0.28515625
1093,-0.0234375,-0.67578125,-0.2890625
1094,-0.0390625,-0.69921875,-0.3203125
1095,-0.05859375,-0.7109375,-0.32421875
1096,-0.078125,-0.73828125,-0.3203125
1097,-0.08984375,-0.7421875,-0.3203125
1098,-0.09765625,-0.76953125,-0.31640625
1099,-0.1015625,-0.76953125,-0.31640625
1100,-0.10546875,-0.77734375,-0.30078125
1101,-0.09765625,-0.78125,-0.2890625
1102,-0.09375,-0.796875,-0.23828125
1103,-0.09375,-0.8125,-0.23046875
1104,-0.06640625,-0.84765625,-0.20703125
1105,-0.0546875,-0.87109375,-0.1796875
1106,-0.0546875,-0.91796875,-0.171875
1107,-0.05859375,-0.9296875,-0.1484375
1108,-0.0703125,-0.94921875,-0.1484375
1109,-0.05078125,-0.98046875,-0.14453125
1110,-0.06640625,-1.01171875,-0.1484375
1111,-0.046875,-1.0546875,-0.125
1112,-0.04296875,-1.0859375,-0.1328125
1113,-0.02734375,-1.1171875,-0.125
1114,-0.02734375,-1.125,-0.12109375
1115,-0.02734375,-1.15625,-0.12109375
1116,-0.02734375,-1.17578125,-0.11328125
1117,-0.05078125,-1.1953125,-0.11328125
1118,-0.046875,-1.21484375,-0.109375
1119,-0.046875,-1.22265625,-0.1015625
1120,-0.04296875,-1.23046875,-0.1171875
1121,-0.0546875,-1.23828125,-0.12109375
1122,-0.05859375,-1.23828125,-0.125
1123,-0.06640625,-1.2265625,-0.1171875
1124,-0.0546875,-1.234375,-0.1171875
1125,-0.06640625,-1.19921875,-0.12890625
1126,-0.08203125,-1.16015625,-0.15625
1127,-0.1015625,-1.109375,-0.16796875
1128,-0.125,-1.078125,-0.1953125
1129,-0.140625,-1.0390625,-0.1953125
1130,-0.13671875,-1.015625,-0.203125
1131,-0.15625,-0.984375,-0.203125
1132,-0.14453125,-1.0078125,-0.21875
1133,-0.140625,-1.0078125,-0.234375
1134,-0.15234375,-1.0078125,-0.2265625
1135,-0.15625,-1.0234375,-0.2421875
1136,-0.13671875,-1.03515625,-0.25390625
1137,-0.125,-1.04296875,-0.2421875
1138,-0.09765625,-1.046875,-0.2421875
1139,-0.10546875,-1.0546875,-0.2109375
1140,-0.09765625,-1.0546875,-0.2109375
1141,-0.08984375,-1.06640625,-0.21875
1142,-0.0859375,-1.0546875,-0.234375
1143,-0.05078125,-1.03125,-0.2421875
1144,-0.0390625,-1.03515625,-0.23046875
1145,-0.05078125,-1.03125,-0.23046875
1146,-0.08203125,-1.046875,-0.203125
1147,-0.08203125,-1.0546875,-0.17578125
1148,-0.06640625,-1.046875,-0.14453125
1149,-0.0625,-1.03125,-0.15234375
1150,-0.03125,-1.00390625,-0.18359375
1151,0.0,-0.9765625,-0.19921875
1152,0.00390625,-0.96484375,-0.203125
1153,0.01953125,-0.9453125,-0.1953125
1154,0.00390625,-0.92578125,-0.22265625
1155,-0.0078125,-0.93359375,-0.234375
1156,-0.00390625,-0.9375,-0.234375
1157,0.01171875,-0.95703125,-0.23828125
1158,0.0078125,-0.96484375,-0.28515625
1159,0.00390625,-0.98046875,-0.296875
1160,0.0,-0.9765625,-0.30078125
1161,0.0,-0.984375,-0.296875
1162,0.00390625,-0.98046875,-0.28515625
1163,0.0,-0.9609375,-0.296875
1164,-0.015625,-0.9375,-0.3046875
1165,-0.05078125,-0.91015625,-0.34375
1166,-0.05859375,-0.90625,-0.390625
1167,-0.06640625,-0.8984375,-0.42578125
1168,-0.078125,-0.90234375,-0.41796875
1169,-0.08984375,-0.8984375,-0.4375
1170,-0.0859375,-0.90234375,-0.4609375
1171,-0.1015625,-0.89453125,-0.4609375
1172,-0.1171875,-0.88671875,-0.44140625
1173,-0.125,-0.87109375,-0.43359375
1174,-0.1328125,-0.86328125,-0.4453125
1175,-0.1328125,-0.87890625,-0.42578125
1176,-0.140625,-0.87109375,-0.46484375
1177,-0.14453125,-0.87890625,-0.45703125
1178,-0.15625,-0.88671875,-0.453125
1179,-0.18359375,-0.91015625,-0.45703125
1180,-0.17578125,-0.93359375,-0.4375
1181,-0.17578125,-0.953125,-0.4375
1182,-0.1640625,-0.98828125,-0.4296875
1183,-0.12890625,-1.01953125,-0.44140625
1184,-0.10546875,-1.04296875,-0.421875
1185,-0.10546875,-1.06640625,-0.4375
1186,-0.1171875,-1.046875,-0.44140625
1187,-0.13671875,-1.0234375,-0.453125
1188,-0.13671875,-0.98046875,-0.45703125
1189,-0.16015625,-0.921875,-0.4921875
1190,-0.15234375,-0.89453125,-0.4921875
1191,-0.16015625,-0.86328125,-0.49609375
1192,-0.1484375,-0.859375,-0.453125
1193,-0.14453125,-0.83984375,-0.40625
1194,-0.140625,-0.8359375,-0.34765625
1195,-0.15625,-0.81640625,-0.30078125
1196,-0.18359375,-0.796875,-0.29296875
1197,-0.18359375,-0.8046875,-0.22265625
1198,-0.19140625,-0.8046875,-0.20703125
1199,-0.18359375,-0.82421875,-0.16015625
1200,-0.19921875,-0.84765625,-0.12109375
1201,-0.21875,-0.875,-0.078125
1202,-0.2265625,-0.90234375,-0.05078125
1203,-0.21875,-0.93359375,-0.01953125
1204,-0.20703125,-0.96875,0.01953125
1205,-0.17578125,-0.99609375,0.0703125
1206,-0.13671875,-0.984375,0.06640625
1207,-0.10546875,-1.0078125,0.09765625
1208,-0.09765625,-1.0078125,0.06640625
1209,-0.09765625,-0.984375,0.03515625
1210,-0.0625,-0.9921875,-0.04296875
1211,-0.02734375,-0.98828125,-0.06640625
1212,0.0078125,-1.01171875,-0.08203125
1213,0.0078125,-1.02734375,-0.078125
1214,0.01953125,-1.03515625,-0.06640625
1215,0.02734375,-1.046875,-0.06640625
1216,0.0234375,-1.06640625,-0.046875
1217,0.02734375,-1.078125,-0.02734375
1218,0.0234375,-1.10546875,-0.0390625
1219,0.03515625,-1.12890625,-0.03515625
1220,0.04296875,-1.16796875,-0.0390625
1221,0.03125,-1.17578125,-0.0703125
1222,0.0390625,-1.19921875,-0.0703125
1223,0.02734375,-1.21875,-0.07421875
1224,0.0,-1.23828125,-0.04296875
1225,-0.02734375,-1.23828125,-0.05859375
1226,-0.046875,-1.23828125,-0.046875
1227,-0.0703125,-1.2265625,-0.05859375
1228,-0.0859375,-1.21484375,-0.05078125
1229,-0.09375,-1.18359375,-0.05859375
1230,-0.0859375,-1.171875,-0.06640625
1231,-0.11328125,-1.15625,-0.0703125
1232,-0.1171875,-1.1171875,-0.078125
1233,-0.09765625,-1.1015625,-0.09765625
1234,-0.09375,-1.078125,-0.1015625
1235,-0.11328125,-1.05078125,-0.12109375
1236,-0.11328125,-1.03125,-0.12109375
1237,-0.12890625,-1.04296875,-0.140625
1238,-0.12890625,-1.05078125,-0.125
1239,-0.140625,-1.07421875,-0.11328125
1240,-0.16015625,-1.08984375,-0.15625
1241,-0.16796875,-1.109375,-0.14453125
1242,-0.171875,-1.12890625,-0.1640625
1243,-0.16796875,-1.1328125,-0.1640625
1244,-0.17578125,-1.1328125,-0.19140625
1245,-0.1796875,-1.125,-0.19921875
1246,-0.17578125,-1.10546875,-0.19921875
1247,-0.1796875,-1.08203125,-0.203125
1248,-0.14453125,-1.0546875,-0.19140625
1249,-0.125,-1.02734375,-0.1796875
1250,-0.09765625,-1.01953125,-0.16796875
1251,-0.07421875,-0.9921875,-0.1640625
1252,-0.0546875,-0.96484375,-0.140625
1253,-0.046875,-0.9453125,-0.1328125
1254,-0.03515625,-0.93359375,-0.16796875
1255,-0.03515625,-0.90234375,-0.171875
1256,-0.015625,-0.89453125,-0.19140625
1257,-0.0078125,-0.8671875,-0.203125
1258,0.0,-0.875,-0.2109375
1259,0.00390625,-0.875,-0.19921875
1260,0.0234375,-0.86328125,-0.2265625
1261,0.01953125,-0.8515625,-0.25
1262,0.01953125,-0.828125,-0.25
1263,0.01953125,-0.83984375,-0.25
1264,0.0,-0.83984375,-0.265625
1265,-0.015625,-0.84375,-0.28515625
1266,-0.03515625,-0.84765625,-0.26171875
1267,-0.06640625,-0.87109375,-0.28125
1268,-0.08203125,-0.8828125,-0.30078125
1269,-0.0859375,-0.8984375,-0.296875
1270,-0.10546875,-0.8984375,-0.328125
1271,-0.11328125,-0.90234375,-0.3203125
1272,-0.1171875,-0.9140625,-0.34375
1273,-0.125,-0.9140625,-0.37109375
1274,-0.140625,-0.9140625,-0.3984375
1275,-0.125,-0.90234375,-0.40625
1276,-0.13671875,-0.90234375,-0.41796875
1277,-0.12109375,-0.9140625,-0.41796875
1278,-0.125,-0.90234375,-0.4375
1279,-0.10546875,-0.92578125,-0.4453125
1280,-0.09765625,-0.92578125,-0.453125
1281,-0.09375,-0.9375,-0.46484375
1282,-0.08203125,-0.95703125,-0.45703125
1283,-0.0703125,-0.97265625,-0.4453125
1284,-0.08203125,-0.984375,-0.4375
1285,-0.0859375,-1.01953125,-0.3984375
1286,-0.08203125,-1.046875,-0.36328125
1287,-0.0859375,-1.08984375,-0.34375
1288,-0.1015625,-1.1171875,-0.3359375
1289,-0.109375,-1.15234375,-0.31640625
1290,-0.109375,-1.1796875,-0.30078125
1291,-0.125,-1.2109375,-0.3125
1292,-0.125,-1.21484375,-0.3125
1293,-0.1171875,-1.21484375,-0.3125
1294,-0.09375,-1.21484375,-0.32421875
1295,-0.0859375,-1.2109375,-0.3203125
1296,-0.08203125,-1.19140625,-0.3125
1297,-0.1015625,-1.15625,-0.30078125
1298,-0.09375,-1.10546875,-0.3046875
1299,-0.1015625,-1.0390625,-0.3125
1300,-0.10546875,-0.95703125,-0.31640625
1301,-0.11328125,-0.88671875,-0.3359375
1302,-0.1015625,-0.82421875,-0.328125
1303,-0.078125,-0.77734375,-0.33984375
1304,-0.0859375,-0.80859375,-0.359375
1305,-0.046875,-0.79296875,-0.29296875
1306,-0.02734375,-0.83984375,-0.2734375
1307,-0.00390625,-0.88671875,-0.23046875
1308,-0.00390625,-0.96484375,-0.16015625
1309,-0.00390625,-1.0,-0.12890625
1310,0.00390625,-1.0390625,-0.09765625
1311,0.0,-1.0625,-0.09765625
1312,0.00390625,-1.06640625,-0.08984375
1313,0.01171875,-1.0703125,-0.109375
1314,0.015625,-1.05859375,-0.11328125
1315,0.0078125,-1.046875,-0.11328125
1316,0.01953125,-1.046875,-0.13671875
1317,0.01171875,-1.015625,-0.140625
1318,0.0078125,-1.03125,-0.1484375
1319,0.00390625,-1.02734375,-0.15234375
1320,-0.00390625,-1.0234375,-0.12890625
1321,0.0,-0.99609375,-0.1171875
1322,-0.01953125,-0.96484375,-0.109375
1323,-0.02734375,-0.95703125,-0.09375
1324,-0.046875,-0.94140625,-0.09375
1325,-0.0390625,-0.921875,-0.08203125
1326,-0.0546875,-0.91015625,-0.0703125
1327,-0.06640625,-0.90234375,-0.06640625
1328,-0.0625,-0.91796875,-0.04296875
1329,-0.046875,-0.921875,-0.0546875
1330,-0.046875,-0.94921875,-0.046875
1331,-0.0390625,-0.9609375,-0.05078125
1332,-0.046875,-0.94921875,-0.0546875
1333,-0.05078125,-0.94921875,-0.0546875
1334,-0.04296875,-0.953125,-0.0546875
1335,-0.05078125,-0.953125,-0.0546875
1336,-0.046875,-0.95703125,-0.05859375
1337,-0.0390625,-0.9609375,-0.0625
1338,-0.03515625,-0.9609375,-0.0625
1339,-0.02734375,-0.9609375,-0.0703125
1340,-0.01171875,-0.98046875,-0.08203125
1341,-0.00390625,-1.01171875,-0.0859375
1342,0.00390625,-1.015625,-0.08984375
1343,-0.0078125,-1.05859375,-0.09765625
1344,-0.01953125,-1.05859375,-0.0859375
1345,-0.0078125,-1.0703125,-0.11328125
1346,-0.02734375,-1.08203125,-0.12890625
1347,-0.01171875,-1.06640625,-0.1171875
1348,-0.046875,-1.06640625,-0.12109375
1349,-0.03125,-1.06640625,-0.12890625
1350,-0.02734375,-1.0625,-0.11328125
1351,-0.03515625,-1.0546875,-0.12890625
1352,-0.046875,-1.03125,-0.1171875
1353,-0.0546875,-1.01953125,-0.1171875
1354,-0.05859375,-1.0234375,-0.09375
1355,-0.078125,-1.0234375,-0.08203125
1356,-0.0625,-1.01953125,-0.078125
1357,-0.05078125,-1.01171875,-0.08984375
1358,-0.05859375,-1.0,-0.078125
1359,-0.0625,-1.0078125,-0.07421875
1360,-0.046875,-1.0078125,-0.078125
1361,-0.05859375,-0.9921875,-0.078125
1362,-0.04296875,-0.984375,-0.08203125
1363,-0.03125,-0.9921875,-0.0703125
1364,-0.04296875,-0.98046875,-0.07421875
1365,-0.03515625,-0.98046875,-0.078125
1366,-0.04296875,-0.97265625,-0.078125
1367,-0.03125,-0.97265625,-0.078125
1368,-0.01953125,-0.984375,-0.08203125
1369,-0.0078125,-0.97265625,-0.1015625
1370,-0.0234375,-0.97265625,-0.08203125
1371,-0.01953125,-0.9765625,-0.07421875
1372,-0.0234375,-0.9921875,-0.07421875
1373,-0.0078125,-0.984375,-0.0703125
1374,-0.01953125,-0.984375,-0.078125
1375,-0.0234375,-0.98046875,-0.06640625
1376,-0.01953125,-0.97265625,-0.0703125
1377,-0.01953125,-0.96484375,-0.0625
1378,-0.015625,-0.95703125,-0.05078125
1379,-0.0234375,-0.95703125,-0.05859375
1380,-0.01171875,-0.95703125,-0.06640625
1381,-0.01953125,-0.96484375,-0.0625
1382,-0.04296875,-0.96875,-0.0625
1383,-0.046875,-0.9765625,-0.06640625
1384,-0.0390625,-0.99609375,-0.05859375
1385,-0.04296875,-1.0078125,-0.0546875
1386,-0.03515625,-1.0234375,-0.0625
1387,-0.046875,-1.01953125,-0.0546875
1388,-0.04296875,-1.015625,-0.0546875
1389,-0.046875,-0.99609375,-0.06640625
1390,-0.046875,-1.01171875,-0.0703125
1391,-0.0390625,-0.9921875,-0.0546875
1392,-0.046875,-1.0,-0.06640625
1393,-0.03125,-0.99609375,-0.06640625
1394,-0.02734375,-1.00390625,-0.0859375
1395,-0.01953125,-1.0234375,-0.0703125
1396,-0.03515625,-1.02734375,-0.08203125
1397,-0.02734375,-1.04296875,-0.07421875
1398,-0.01171875,-1.0546875,-0.0703125
1399,-0.01171875,-1.04296875,-0.0703125
1400,-0.0078125,-1.046875,-0.0703125
1401,-0.00390625,-1.05078125,-0.078125
1402,-0.01171875,-1.0234375,-0.0703125
1403,0.0,-1.015625,-0.08203125
1404,-0.0078125,-1.00390625,-0.06640625
1405,-0.01953125,-0.9921875,-0.078125
1406,-0.015625,-0.99609375,-0.0625
1407,-0.0234375,-0.99609375,-0.0703125
1408,-0.01953125,-0.99609375,-0.06640625
1409,-0.01171875,-0.9921875,-0.05859375
1410,-0.01171875,-0.984375,-0.0625
1411,-0.01171875,-1.0,-0.0390625
1412,-0.0234375,-1.00390625,-0.0390625
1413,-0.02734375,-0.99609375,-0.04296875
1414,-0.015625,-0.9921875,-0.04296875
1415,-0.02734375,-0.99609375,-0.03515625
1416,-0.01953125,-0.99609375,-0.03125
1417,0.0,-0.9921875,-0.046875
1418,-0.0078125,-0.98828125,-0.04296875
1419,-0.01171875,-0.9765625,-0.046875
1420,-0.015625,-0.96875,-0.046875
1421,-0.02734375,-0.98046875,-0.0546875
1422,-0.01953125,-0.99609375,-0.01953125
1423,-0.0234375,-0.98046875,-0.04296875
1424,-0.046875,-0.98828125,-0.04296875
1425,-0.0390625,-0.98046875,-0.03125
1426,-0.015625,-0.98828125,-0.046875
1427,-0.0234375,-0.98046875,-0.03515625
1428,-0.03515625,-0.97265625,-0.02734375
1429,-0.0390625,-0.97265625,-0.03125
1430,-0.0546875,-0.9765625,-0.01953125
1431,-0.06640625,-0.984375,-0.05078125
1432,-0.0625,-1.01171875,-0.01953125
1433,-0.05859375,-1.0078125,-0.02734375
1434,-0.0390625,-1.0234375,-0.00390625
1435,-0.04296875,-1.01953125,-0.01171875
1436,-0.03125,-1.02734375,-0.0078125
1437,-0.0390625,-1.0078125,-0.015625
1438,-0.04296875,-1.00390625,-0.015625
1439,-0.0390625,-0.99609375,0.01171875
1440,-0.05078125,-1.0,0.0
1441,-0.04296875,-0.99609375,-0.00390625
1442,-0.03515625,-1.01171875,-0.01171875
1443,-0.04296875,-1.015625,-0.0078125
1444,-0.04296875,-1.01171875,-0.015625
1445,-0.0546875,-1.0,-0.01171875
1446,-0.04296875,-1.0,-0.01171875
1447,-0.05078125,-1.00390625,-0.0234375
1448,-0.05078125,-0.99609375,-0.0078125
1449,-0.0546875,-0.9765625,-0.01953125
1450,-0.046875,-0.9765625,-0.02734375
1451,-0.046875,-0.98046875,-0.02734375
1452,-0.0546875,-0.9921875,-0.0234375
1453,-0.046875,-0.984375,-0.01171875
1454,-0.05859375,-0.98828125,-0.0234375
1455,-0.0703125,-1.00390625,-0.015625
1456,-0.05078125,-0.98828125,-0.01171875
1457,-0.04296875,-1.01171875,0.0
1458,-0.05078125,-1.01171875,0.00390625
1459,-0.0625,-1.02734375,0.015625
1460,-0.0546875,-1.01171875,-0.00390625
1461,-0.05078125,-1.01171875,-0.00390625
1462,-0.046875,-1.00390625,-0.01171875
1463,-0.0546875,-0.9921875,-0.00390625
1464,-0.05078125,-1.00390625,0.01171875
1465,-0.05859375,-0.9921875,0.0078125
1466,-0.0546875,-0.98046875,0.0234375
1467,-0.05859375,-0.984375,0.0078125
1468,-0.0546875,-0.9921875,0.00390625
1469,-0.05859375,-1.0,-0.0078125
1470,-0.05078125,-1.00390625,-0.00390625
1471,-0.0546875,-1.0078125,0.0
1472,-0.05078125,-1.01171875,0.01171875
1473,-0.046875,-0.99609375,0.0
1474,-0.05078125,-0.99609375,0.0
1475,-0.04296875,-0.9921875,-0.00390625
1476,-0.0390625,-0.99609375,0.01171875
1477,-0.03125,-0.9921875,0.00390625
1478,-0.03515625,-0.984375,-0.0078125
1479,-0.03125,-1.0,-0.0078125
1480,-0.0234375,-0.99609375,0.01171875
1481,-0.03125,-1.00390625,-0.00390625
1482,-0.01171875,-1.00390625,0.00390625
1483,-0.02734375,-1.01953125,0.0078125
1484,-0.03125,-1.0,0.0
1485,-0.015625,-1.015625,0.00390625
1486,-0.0078125,-1.0078125,0.01171875
1487,-0.01171875,-1.01953125,-0.00390625
1488,-0.03125,-1.01171875,0.02734375
1489,-0.03515625,-1.0,0.015625
1490,-0.03125,-1.01953125,0.0078125
1491,-0.01171875,-1.01953125,0.015625
1492,-0.015625,-1.0,0.01171875
1493,-0.03125,-0.99609375,0.015625
1494,-0.01953125,-0.99609375,0.0
1495,-0.01953125,-0.99609375,0.01171875
1496,-0.0234375,-0.98046875,0.0
1497,-0.015625,-0.98828125,0.0
1498,-0.015625,-0.9921875,0.01171875
1499,-0.01171875,-0.99609375,0.015625
1500,-0.015625,-0.9921875,0.0234375
1501,-0.01953125,-0.98046875,0.0234375
1502,-0.0234375,-0.98828125,0.03125
1503,-0.01171875,-0.9921875,0.0234375
1504,-0.0234375,-1.0,0.01171875
1505,-0.01953125,-1.00390625,0.01953125
1506,-0.0234375,-1.00390625,0.01953125
1507,-0.01953125,-1.00390625,0.01171875
1508,-0.01953125,-1.015625,0.015625
1509,-0.0078125,-1.01953125,0.03125
1510,-0.01171875,-1.01171875,0.03125
1511,-0.015625,-1.0078125,0.00390625
1512,-0.00390625,-1.00390625,0.01953125
1513,-0.01953125,-0.98828125,0.0234375
1514,-0.0078125,-0.9921875,0.01953125
1515,-0.015625,-0.9765625,0.03515625
1516,-0.015625,-0.98828125,0.03125
1517,-0.0234375,-0.98046875,0.0234375
1518,-0.02734375,-0.98828125,0.0234375
1519,-0.03125,-0.98046875,0.01171875
1520,-0.0703125,-0.984375,0.0078125
1521,-0.05078125,-0.984375,0.0234375
1522,-0.0390625,-0.984375,0.02734375
1523,-0.046875,-0.98828125,0.02734375
1524,-0.04296875,-0.9921875,0.03515625
1525,-0.03515625,-0.99609375,0.0390625
1526,-0.03515625,-1.00390625,0.05078125
1527,-0.0390625,-1.0078125,0.03515625
1528,-0.046875,-1.0078125,0.0390625
1529,-0.03515625,-0.9921875,0.0390625
1530,-0.03515625,-1.01171875,0.04296875
1531,-0.02734375,-1.0,0.05078125
1532,-0.03125,-0.99609375,0.04296875
1533,-0.01953125,-1.00390625,0.0546875
1534,-0.01171875,-0.9921875,0.046875
1535,-0.0078125,-1.00390625,0.046875
1536,-0.0234375,-0.99609375,0.03515625
1537,-0.00390625,-1.00390625,0.03125
1538,-0.02734375,-0.9921875,0.0390625
1539,-0.0234375,-0.99609375,0.046875
1540,-0.03125,-0.98828125,0.04296875
1541,-0.03125,-0.984375,0.03515625
1542,-0.04296875,-0.99609375,0.03515625
1543,-0.03125,-1.00390625,0.03125
1544,-0.0390625,-1.0,0.05078125
1545,-0.01953125,-1.00390625,0.03515625
1546,-0.0390625,-1.00390625,0.0390625
1547,-0.03515625,-1.01171875,0.0390625
1548,-0.03125,-0.99609375,0.05078125
1549,-0.0390625,-1.0078125,0.05078125
1550,-0.0234375,-1.0078125,0.046875
1551,-0.01953125,-1.00390625,0.05078125
1552,-0.01171875,-1.0078125,0.04296875
1553,-0.01953125,-0.99609375,0.05078125
1554,-0.0234375,-0.99609375,0.04296875
1555,-0.03515625,-0.9921875,0.04296875
1556,-0.03125,-0.9921875,0.046875
1557,-0.01953125,-0.99609375,0.04296875
1558,-0.015625,-1.00390625,0.0546875
1559,-0.01953125,-1.00390625,0.05078125
1560,-0.03515625,-0.98828125,0.05078125
1561,-0.015625,-1.0,0.03125
1562,-0.03125,-1.0078125,0.03125
1563,-0.03515625,-1.00390625,0.0234375
1564,-0.0078125,-1.01171875,0.078125
1565,-0.02734375,-1.00390625,0.0234375
1566,-0.03515625,-0.99609375,0.03515625
1567,-0.03515625,-0.98828125,0.03125
1568,-0.0234375,-0.99609375,0.03125
1569,-0.01953125,-0.9921875,0.03125
1570,-0.03125,-1.0,0.05078125
1571,-0.02734375,-0.99609375,0.05078125
1572,-0.03125,-0.98828125,0.04296875
1573,-0.03515625,-0.98828125,0.078125
1574,-0.0390625,-0.9921875,0.06640625
1575,-0.03515625,-0.984375,0.0390625
1576,-0.03125,-0.9765625,0.046875
1577,-0.04296875,-0.984375,0.0546875
1578,-0.0390625,-0.98046875,0.0390625
1579,-0.0390625,-0.99609375,0.04296875
1580,-0.046875,-0.98046875,0.04296875
1581,-0.03515625,-0.98828125,0.02734375
1582,-0.046875,-0.9921875,0.0390625
1583,-0.046875,-0.98828125,0.0234375
1584,-0.05078125,-0.984375,0.04296875
1585,-0.03515625,-0.9921875,0.0234375
1586,-0.0625,-0.98828125,0.0234375
1587,-0.0625,-0.98046875,0.01953125
1588,-0.05859375,-0.98828125,0.015625
1589,-0.07421875,-0.9921875,0.01953125
1590,-0.0703125,-0.9921875,0.03125
1591,-0.06640625,-1.00390625,0.0234375
1592,-0.07421875,-1.0234375,0.0234375
1593,-0.0625,-1.01171875,0.04296875
1594,-0.05859375,-1.03125,0.04296875
1595,-0.0546875,-1.0234375,0.046875
1596,-0.046875,-1.03515625,0.03515625
1597,-0.04296875,-1.015625,0.046875
1598,-0.0390625,-1.00390625,0.04296875
1599,-0.0390625,-0.98828125,0.02734375
1600,-0.04296875,-0.9921875,0.0234375
1601,-0.03515625,-0.98828125,0.03515625
1602,-0.0390625,-0.98046875,0.03125
1603,-0.05078125,-0.98046875,0.0234375
1604,-0.0390625,-0.97265625,0.0390625
1605,-0.05859375,-0.984375,0.02734375
1606,-0.03515625,-0.98046875,0.015625
1607,-0.0546875,-0.9921875,0.03515625
1608,-0.0390625,-1.01171875,0.03515625
1609,-0.04296875,-1.0,0.0390625
1610,-0.03125,-1.00390625,0.0390625
1611,-0.03515625,-0.984375,0.0234375
1612,-0.03515625,-0.9765625,0.015625
1613,-0.03125,-0.9765625,0.015625
1614,-0.04296875,-0.98046875,0.03125
1615,-0.03125,-0.984375,0.01953125
1616,-0.01953125,-0.984375,0.02734375
1617,-0.03125,-1.0,0.02734375
1618,-0.0234375,-1.0,0.03125
1619,-0.03125,-0.9921875,0.0390625
1620,-0.02734375,-0.99609375,0.0390625
1621,-0.01953125,-1.01171875,0.0390625
1622,-0.02734375,-0.9921875,0.015625
1623,-0.01953125,-1.0078125,0.01171875
1624,-0.015625,-1.0078125,0.01953125
1625,-0.02734375,-0.9921875,0.00390625
1626,-0.0390625,-1.00390625,0.01953125
1627,-0.04296875,-1.015625,0.015625
1628,-0.02734375,-1.0234375,0.0078125
1629,-0.0234375,-1.0,0.00390625
1630,-0.01953125,-1.015625,0.015625
1631,-0.01171875,-1.02734375,0.015625
1632,-0.0078125,-1.0078125,0.0
1633,0.0,-1.01171875,0.0078125
1634,-0.00390625,-1.0078125,0.00390625
1635,0.0,-0.99609375,0.01171875
1636,0.0,-1.0078125,0.01953125
1637,-0.015625,-1.0078125,0.0234375
1638,-0.01171875,-1.0078125,0.03125
1639,-0.0078125,-1.00390625,0.03125
1640,-0.02734375,-1.0,0.03125
1641,-0.0234375,-0.99609375,0.015625
1642,-0.01171875,-1.0078125,0.01953125
1643,-0.02734375,-1.0,0.015625
1644,-0.01953125,-1.0,0.0234375
1645,-0.03515625,-1.0078125,0.05078125
1646,-0.0234375,-1.015625,0.03515625
1647,-0.0234375,-1.0078125,0.04296875
1648,-0.0078125,-1.00390625,0.03125
1649,-0.015625,-1.01953125,0.03125
1650,-0.015625,-1.01171875,0.0234375
1651,-0.0078125,-1.00390625,0.02734375
1652,-0.0234375,-0.98828125,0.03515625
1653,-0.015625,-0.98828125,0.02734375
1654,-0.0078125,-0.98828125,0.03125
1655,-0.01953125,-0.98046875,0.0390625
1656,-0.0078125,-0.9921875,0.046875
1657,-0.0234375,-0.98046875,0.01953125
1658,-0.01171875,-0.98828125,0.015625
1659,-0.0078125,-0.99609375,0.03125
1660,-0.01953125,-0.984375,0.015625
1661,-0.01953125,-0.98828125,0.03125
1662,-0.03125,-0.9921875,0.03125
1663,-0.0234375,-1.0,0.02734375
1664,-0.02734375,-0.98828125,0.02734375
1665,-0.03125,-0.99609375,0.0234375
1666,-0.0390625,-1.00390625,0.0078125
1667,-0.03125,-1.0078125,0.0390625
1668,-0.0390625,-1.00390625,0.03125
1669,-0.0390625,-1.01953125,0.03125
1670,-0.03125,-1.0078125,0.0078125
1671,-0.03125,-1.015625,0.01953125
1672,-0.0234375,-0.99609375,0.03125
1673,-0.03515625,-1.0,0.0234375
1674,-0.03125,-0.98828125,0.01953125
1675,-0.03515625,-1.00390625,0.02734375
1676,-0.03515625,-0.99609375,0.03125
1677,-0.03515625,-0.98046875,0.02734375
1678,-0.03515625,-0.9921875,0.015625
1679,-0.03125,-1.00390625,0.01953125
1680,-0.03125,-0.98828125,0.02734375
1681,-0.0390625,-1.00390625,0.02734375
1682,-0.04296875,-0.98046875,0.015625
1683,-0.02734375,-0.99609375,0.01953125
1684,-0.04296875,-1.015625,0.0234375
1685,-0.0390625,-0.9921875,0.0234375
1686,-0.03125,-1.0,0.046875
1687,-0.0390625,-0.99609375,0.02734375
1688,-0.04296875,-1.00390625,0.02734375
1689,-0.0390625,-1.01171875,0.02734375
1690,-0.03515625,-1.00390625,0.01953125
1691,-0.01953125,-1.01171875,0.015625
1692,-0.02734375,-0.9921875,0.01171875
1693,-0.01953125,-0.99609375,0.01953125
1694,-0.01953125,-0.98828125,0.02734375
1695,-0.01953125,-0.99609375,0.0234375
1696,-0.01953125,-0.98046875,0.0234375
1697,-0.01953125,-0.9921875,0.01953125
1698,-0.03125,-0.98046875,0.015625
1699,-0.015625,-0.99609375,0.0390625
1700,-0.0234375,-0.98828125,0.02734375
1701,-0.03125,-0.98828125,0.0390625
1702,-0.0234375,-1.0,0.0390625
1703,-0.01171875,-1.01171875,0.02734375
1704,-0.015625,-1.0,0.015625
1705,-0.0234375,-1.00390625,0.03125
1706,-0.03515625,-0.9921875,0.02734375
1707,-0.0390625,-0.9921875,0.0234375
1708,-0.05078125,-0.99609375,0.0234375
1709,-0.046875,-0.9921875,0.03125
1710,-0.0390625,-1.0078125,0.01953125
1711,-0.03515625,-1.01171875,0.03125
1712,-0.0390625,-1.0078125,0.01953125
1713,-0.046875,-1.00390625,0.00390625
1714,-0.03125,-1.0,-0.00390625
1715,-0.03515625,-0.9921875,0.0078125
1716,-0.0390625,-1.01171875,0.01953125
1717,-0.03125,-1.00390625,0.0234375
1718,-0.0390625,-1.00390625,0.015625
1719,-0.03125,-1.0078125,0.0
1720,-0.046875,-1.00390625,0.01953125
1721,-0.05078125,-0.9921875,0.01171875
1722,-0.03515625,-1.00390625,0.01953125
1723,-0.0390625,-0.99609375,0.01953125
1724,-0.04296875,-0.99609375,0.0234375
1725,-0.03515625,-1.0,0.02734375
1726,-0.03515625,-0.99609375,0.03125
1727,-0.0390625,-0.99609375,0.03125
1728,-0.02734375,-0.9921875,0.01953125
1729,-0.0390625,-0.9921875,0.03125
1730,-0.046875,-0.99609375,0.03515625
1731,-0.03125,-1.015625,0.03125
1732,-0.03515625,-1.0,0.0234375
1733,-0.046875,-1.0078125,0.02734375
1734,-0.0390625,-1.01171875,0.03125
1735,-0.0390625,-0.99609375,0.0234375
1736,-0.03125,-0.9921875,0.015625
1737,-0.03515625,-0.99609375,0.0078125
1738,-0.03125,-0.99609375,0.03125
1739,-0.03125,-1.0,0.03125
1740,-0.03515625,-0.99609375,0.0234375
1741,-0.03125,-0.9921875,0.03515625
1742,-0.015625,-1.0,0.0234375
1743,-0.0390625,-0.98046875,0.02734375
1744,-0.03515625,-0.98046875,0.03515625
1745,-0.04296875,-0.98046875,0.03515625
1746,-0.03515625,-0.99609375,0.05078125
1747,-0.04296875,-1.0,0.03515625
1748,-0.0390625,-0.99609375,0.03125
1749,-0.0390625,-1.0078125,0.03515625
1750,-0.03515625,-1.0,0.03125
1751,-0.03125,-1.00390625,0.02734375
1752,-0.0390625,-0.99609375,0.01953125
1753,-0.0234375,-0.984375,0.015625
1754,-0.03515625,-0.984375,0.0234375
1755,-0.02734375,-0.99609375,0.0234375
1756,-0.0390625,-1.0,0.00390625
1757,-0.03125,-1.0,0.02734375
1758,-0.02734375,-1.0,0.03515625
1759,-0.0234375,-1.0,0.03515625
1760,-0.0234375,-1.01953125,0.03515625
1761,-0.0234375,-1.015625,0.02734375
1762,-0.03515625,-1.0,0.03125
1763,-0.02734375,-1.0078125,0.02734375
1764,-0.0390625,-1.0,0.03515625
1765,-0.03125,-1.0078125,0.02734375
1766,-0.0234375,-1.0,0.03125
1767,-0.0390625,-0.9921875,0.03125
1768,-0.02734375,-1.0078125,0.01953125
1769,-0.0234375,-1.00390625,0.015625
1770,-0.0234375,-1.01171875,0.0234375
1771,-0.03515625,-0.9921875,0.03515625
1772,-0.02734375,-1.00390625,0.015625
1773,-0.02734375,-0.98046875,0.03125
1774,-0.0390625,-0.98828125,0.02734375
1775,-0.046875,-0.984375,0.03125
1776,-0.02734375,-0.99609375,0.0234375
1777,-0.0234375,-1.0078125,0.02734375
1778,-0.02734375,-1.0078125,0.01953125
1779,-0.03125,-0.9921875,0.02734375
1780,-0.04296875,-0.9921875,0.06640625
1781,-0.03125,-1.015625,0.03125
1782,-0.0390625,-1.0,0.03125
1783,-0.03125,-1.01171875,0.02734375
1784,-0.03515625,-1.0,0.01171875
1785,-0.03125,-1.00390625,0.0390625
1786,-0.04296875,-1.0,0.0234375
1787,-0.03125,-0.9921875,0.03125
1788,-0.03515625,-0.99609375,0.0234375
1789,-0.03125,-1.0,0.01953125
1790,-0.03515625,-1.0,0.03125
1791,-0.0390625,-0.9921875,0.03125
1792,-0.03515625,-0.984375,0.03125
1793,-0.03515625,-0.98828125,0.01953125
1794,-0.03515625,-1.00390625,0.02734375
1795,-0.03515625,-1.00390625,0.0390625
1796,-0.04296875,-1.00390625,0.03125
1797,-0.03125,-0.99609375,0.03515625
1798,-0.04296875,-0.99609375,0.02734375
1799,-0.05859375,-0.9921875,0.0234375
1800,-0.03515625,-1.01171875,0.03125
1801,-0.04296875,-1.0,0.03125
1802,-0.03125,-1.0,0.046875
1803,-0.0390625,-1.00390625,0.0390625
1804,-0.046875,-0.99609375,0.02734375
1805,-0.04296875,-0.984375,0.03125
1806,-0.03125,-0.9921875,0.0234375
1807,-0.04296875,-0.98828125,0.03515625
1808,-0.02734375,-0.99609375,0.0390625
1809,-0.03515625,-0.99609375,0.015625
1810,-0.01953125,-1.0078125,0.03125
1811,-0.02734375,-1.0078125,0.03125
1812,-0.03125,-1.015625,0.01953125
1813,-0.0234375,-1.0078125,0.00390625
1814,-0.03515625,-1.01171875,0.03125
1815,-0.03515625,-1.00390625,0.01171875
1816,-0.0234375,-1.015625,0.03515625
1817,-0.04296875,-0.99609375,0.03515625
1818,-0.03125,-1.01171875,0.05078125
1819,-0.0234375,-1.0234375,0.01171875
1820,-0.03125,-1.015625,0.01953125
1821,-0.02734375,-0.98828125,0.0234375
1822,-0.0390625,-0.98046875,0.0234375
1823,-0.03125,-0.98828125,0.0
1824,-0.01953125,-0.99609375,0.0078125
1825,-0.03125,-0.984375,0.0
1826,-0.02734375,-0.98828125,0.01953125
1827,-0.02734375,-1.00390625,0.015625
1828,-0.02734375,-1.00390625,0.03125
1829,-0.03515625,-1.015625,0.02734375
1830,-0.03125,-1.01171875,0.03125
1831,-0.0234375,-1.00390625,0.0234375
1832,-0.01953125,-1.00390625,0.01953125
1833,-0.0234375,-0.9921875,0.01171875
1834,-0.0234375,-0.99609375,0.01953125
1835,-0.03125,-0.984375,0.0234375
1836,-0.0234375,-1.00390625,0.0234375
1837,-0.015625,-1.0,0.015625
1838,-0.01171875,-1.015625,0.015625
1839,-0.02734375,-0.98828125,0.03515625
1840,-0.01953125,-1.0,0.02734375
1841,-0.0234375,-1.00390625,0.01953125
1842,-0.015625,-0.99609375,0.01953125
1843,-0.01953125,-1.0078125,0.01953125
1844,-0.02734375,-0.99609375,0.03125
1845,-0.03125,-0.9921875,0.02734375
1846,-0.03515625,-0.9921875,0.0234375
1847,-0.03515625,-0.9921875,0.00390625
1848,-0.02734375,-0.9921875,0.02734375
1849,-0.02734375,-0.98828125,0.01953125
1850,-0.01953125,-0.99609375,0.03125
1851,-0.01953125,-0.99609375,0.01171875
1852,-0.03515625,-0.99609375,0.03515625
1853,-0.0234375,-0.9921875,0.01953125
1854,-0.02734375,-1.00390625,0.015625
1855,-0.015625,-0.9921875,0.01953125
1856,-0.0234375,-0.99609375,0.00390625
1857,-0.015625,-1.00390625,0.0234375
1858,-0.02734375,-1.015625,0.01171875
1859,-0.03515625,-0.98046875,0.00390625
1860,-0.01953125,-1.00390625,0.01953125
1861,-0.02734375,-0.99609375,0.0234375
1862,-0.01953125,-1.0,0.01171875
1863,-0.02734375,-1.0,0.0390625
1864,-0.03125,-1.0,0.01953125
1865,-0.02734375,-0.99609375,0.01953125
1866,-0.03515625,-1.0078125,0.01953125
1867,-0.02734375,-1.00390625,0.01171875
1868,-0.04296875,-1.0,0.015625
1869,-0.02734375,-1.01171875,0.0390625
1870,-0.04296875,-1.0,0.0234375
1871,-0.0390625,-1.00390625,0.01171875
1872,-0.0390625,-0.99609375,0.0234375
1873,-0.05859375,-1.00390625,0.03125
1874,-0.046875,-1.00390625,0.03515625
1875,-0.04296875,-0.99609375,0.0234375
1876,-0.0546875,-1.0,0.01953125
1877,-0.05859375,-1.0,0.01171875
1878,-0.046875,-1.0,0.02734375
1879,-0.05859375,-0.9921875,0.01953125
1880,-0.03125,-0.99609375,0.01171875
1881,-0.046875,-0.99609375,0.03125
1882,-0.04296875,-1.01171875,0.02734375
1883,-0.0390625,-1.0,0.03125
1884,-0.03515625,-1.00390625,0.01171875
1885,-0.03125,-1.0,0.01171875
1886,-0.03515625,-1.00390625,0.0
1887,-0.03515625,-1.0078125,0.015625
1888,-0.03125,-0.99609375,0.015625
1889,-0.0390625,-1.0,0.03515625
1890,-0.03125,-0.99609375,0.015625
1891,-0.0234375,-0.99609375,0.01953125
1892,-0.02734375,-1.0,0.03125
1893,-0.02734375,-1.0078125,0.02734375
1894,-0.03515625,-0.9921875,0.02734375
1895,-0.02734375,-1.0,0.015625
1896,-0.03125,-0.99609375,0.0078125
1897,-0.03125,-0.99609375,0.01953125
1898,-0.05078125,-1.0,0.02734375
1899,-0.04296875,-0.9921875,0.0234375
1900,-0.0390625,-0.9921875,0.01953125
1901,-0.04296875,-0.98828125,0.02734375
1902,-0.03125,-0.98828125,0.02734375
1903,-0.01953125,-1.0078125,0.015625
1904,-0.02734375,-0.99609375,0.0234375
1905,-0.0234375,-0.99609375,0.0234375
1906,-0.03515625,-0.9921875,0.01171875
1907,-0.0234375,-1.0078125,0.015625
1908,-0.0234375,-1.015625,0.01953125
1909,-0.02734375,-1.00390625,0.0078125
1910,-0.0234375,-1.00390625,0.03125
1911,-0.0234375,-1.0,0.01171875
1912,-0.0234375,-0.99609375,0.01953125
1913,-0.01953125,-0.98828125,0.0078125
1914,-0.02734375,-1.00390625,0.0234375
1915,-0.02734375,-0.99609375,0.01953125
1916,-0.0234375,-0.99609375,0.01171875
1917,-0.03125,-0.99609375,0.0078125
1918,-0.0234375,-0.99609375,0.0234375
1919,-0.0078125,-1.00390625,0.0078125
1920,-0.03125,-1.0,0.00390625
1921,-0.03515625,-0.99609375,0.02734375
1922,-0.02734375,-1.00390625,0.02734375
1923,-0.03515625,-1.0078125,0.0234375
1924,-0.02734375,-1.01171875,0.01953125
1925,-0.03515625,-1.0078125,0.0234375
1926,-0.03125,-1.0234375,0.00390625
1927,-0.03125,-1.015625,0.02734375
1928,-0.04296875,-1.0,0.0078125
1929,-0.03515625,-1.0078125,0.00390625
1930,-0.0390625,-1.00390625,0.03515625
1931,-0.0390625,-0.98828125,0.01953125
1932,-0.04296875,-0.98828125,0.015625
1933,-0.046875,-0.99609375,0.01171875
1934,-0.03125,-1.01171875,0.0234375
1935,-0.04296875,-1.0,0.0234375
1936,-0.03515625,-0.99609375,0.015625
1937,-0.0546875,-1.00390625,0.02734375
1938,-0.03515625,-1.0078125,0.01953125
1939,-0.03515625,-1.0078125,0.01953125
1940,-0.05078125,-1.0078125,0.02734375
1941,-0.03515625,-1.01953125,0.0234375
1942,-0.03515625,-1.0078125,0.03125
1943,-0.03515625,-1.00390625,0.0234375
1944,-0.03515625,-1.00390625,0.01953125
1945,-0.03125,-0.9921875,0.03515625
1946,-0.03125,-1.0078125,0.01171875
1947,-0.03125,-0.9921875,0.0078125
1948,-0.02734375,-0.9921875,0.03515625
1949,-0.03515625,-1.0,0.0234375
1950,-0.03515625,-0.99609375,0.03125
1951,-0.046875,-0.99609375,0.03125
1952,-0.04296875,-0.9921875,0.0234375
1953,-0.0390625,-0.98828125,0.0078125
1954,-0.00390625,-0.98828125,0.04296875
1955,-0.0234375,-0.9921875,0.0078125
1956,-0.03125,-0.9921875,0.01953125
1957,-0.01953125,-0.98046875,0.01171875
1958,-0.01953125,-1.0,0.015625
1959,-0.0234375,-0.99609375,0.015625
1960,-0.02734375,-1.0,0.02734375
1961,-0.03125,-0.9921875,0.02734375
1962,-0.01171875,-1.0,0.0234375
1963,-0.0234375,-0.9921875,0.01171875
1964,-0.0078125,-1.0,0.015625
1965,-0.015625,-1.0,0.015625
1966,-0.0234375,-1.00390625,0.0234375
1967,-0.01953125,-1.00390625,0.01171875
1968,-0.01953125,-1.0,0.0
1969,-0.03515625,-0.98828125,0.00390625
1970,-0.02734375,-1.00390625,0.0078125
1971,-0.01953125,-1.0078125,0.00390625
1972,-0.03125,-0.99609375,0.01171875
1973,-0.03125,-0.99609375,0.0078125
1974,-0.03125,-1.0,0.02734375
1975,-0.03515625,-0.9921875,0.00390625
1976,-0.03515625,-1.0,0.0078125
1977,-0.03125,-0.99609375,-0.00390625
1978,-0.03125,-1.01953125,0.015625
1979,-0.046875,-1.01171875,0.01953125
1980,-0.03125,-1.0,0.01953125
1981,-0.01171875,-1.01171875,0.00390625
1982,-0.02734375,-0.99609375,0.0078125
1983,-0.0390625,-1.0,0.01171875
1984,-0.03515625,-0.98828125,0.015625
1985,-0.0234375,-1.00390625,-0.0078125
1986,-0.02734375,-1.0078125,0.01953125
1987,-0.0234375,-1.0078125,0.01171875
1988,-0.0390625,-1.0,0.01171875
1989,-0.02734375,-1.00390625,0.015625
1990,-0.0234375,-1.0078125,0.01171875
1991,-0.02734375,-1.0,0.0234375
1992,-0.02734375,-1.01171875,0.02734375
1993,-0.02734375,-0.9921875,0.02734375
1994,-0.0390625,-1.00390625,0.03125
1995,-0.04296875,-1.0078125,0.0234375
1996,-0.04296875,-1.0,0.0078125
1997,-0.02734375,-1.0078125,0.0234375
1998,-0.03515625,-1.0078125,0.01171875
1999,-0.03125,-1.00390625,0.01171875
2000,-0.03125,-1.00390625,0.015625
2001,-0.0390625,-0.99609375,0.02734375
2002,-0.03515625,-1.0,0.01171875
2003,-0.04296875,-1.0,0.01171875
2004,-0.03515625,-0.984375,0.01953125
2005,-0.0234375,-1.01171875,0.01953125
2006,-0.0390625,-1.00390625,0.01953125
2007,-0.02734375,-1.015625,0.0390625
2008,-0.03125,-1.00390625,0.0234375
2009,-0.03515625,-0.99609375,0.0078125
2010,-0.04296875,-1.0,0.01953125
2011,-0.03125,-1.00390625,0.015625
2012,-0.03125,-1.0,0.01171875
2013,-0.04296875,-0.98828125,0.0078125
2014,-0.03515625,-0.99609375,0.0078125
2015,-0.03125,-1.00390625,0.01171875
2016,-0.03515625,-0.99609375,0.00390625
2017,-0.02734375,-1.0,0.00390625
2018,-0.046875,-0.99609375,0.01171875
2019,-0.03125,-1.0078125,0.015625
2020,-0.046875,-1.00390625,0.0078125
2021,-0.03515625,-0.99609375,0.01171875
2022,-0.03125,-1.0,0.0
2023,-0.03125,-1.00390625,0.015625
2024,-0.05078125,-0.99609375,0.0234375
2025,-0.046875,-1.0,0.01953125
2026,-0.0390625,-0.98828125,0.02734375
2027,-0.0390625,-0.99609375,0.015625
2028,-0.0390625,-0.9921875,0.0
2029,-0.03515625,-1.0,0.01953125
2030,-0.03125,-1.00390625,0.0078125
2031,-0.0234375,-1.0,0.0078125
2032,-0.03125,-1.00390625,0.00390625
2033,-0.0234375,-1.01171875,0.0078125
2034,-0.02734375,-1.0078125,0.00390625
2035,-0.02734375,-1.0078125,-0.00390625
2036,-0.02734375,-1.0,0.00390625
2037,-0.01953125,-0.99609375,0.0078125
2038,-0.0390625,-1.0,0.0078125
2039,-0.0390625,-0.99609375,0.015625
2040,-0.0390625,-1.0,0.015625
2041,-0.03515625,-0.99609375,0.0
2042,-0.04296875,-1.01171875,0.0078125
2043,-0.02734375,-1.00390625,0.01171875
2044,-0.03515625,-1.01171875,-0.01171875
2045,-0.03125,-1.0078125,0.02734375
2046,-0.0390625,-1.01171875,0.0078125
2047,-0.02734375,-1.0078125,0.0
2048,-0.02734375,-1.0,0.01171875
2049,-0.03515625,-1.0,0.0234375
2050,-0.03515625,-1.015625,0.02734375
2051,-0.03125,-1.0078125,0.01171875
2052,-0.04296875,-1.0,0.01171875
2053,-0.04296875,-1.0,0.01953125
2054,-0.0390625,-1.0,0.015625
2055,-0.03125,-0.99609375,0.01171875
2056,-0.0390625,-0.98828125,0.015625
2057,-0.04296875,-0.9921875,0.0234375
2058,-0.0390625,-0.98828125,0.015625
2059,-0.02734375,-0.98828125,0.0234375
2060,-0.04296875,-0.984375,0.0234375
2061,-0.04296875,-0.98828125,0.0234375
2062,-0.03515625,-0.984375,0.03125
2063,-0.0390625,-0.99609375,0.01953125
2064,-0.03515625,-1.00390625,-0.00390625
2065,-0.015625,-1.00390625,0.03125
2066,-0.03125,-0.99609375,0.01953125
2067,-0.0390625,-0.9921875,0.0078125
2068,-0.03125,-0.9921875,0.01171875
2069,-0.04296875,-1.0,0.0
2070,-0.04296875,-0.98828125,0.01953125
2071,-0.02734375,-0.99609375,0.01171875
2072,-0.04296875,-1.00390625,0.00390625
2073,-0.0390625,-1.00390625,0.015625
2074,-0.04296875,-1.00390625,0.015625
2075,-0.0390625,-1.0078125,0.01171875
2076,-0.046875,-0.98046875,0.015625
2077,-0.0390625,-1.00390625,0.01171875
2078,-0.03515625,-1.01171875,0.0078125
2079,-0.046875,-1.00390625,0.02734375
2080,-0.02734375,-1.00390625,0.0234375
2081,-0.0390625,-1.0,0.02734375
2082,-0.03515625,-1.01953125,0.0234375
2083,-0.03125,-0.99609375,0.01953125
2084,-0.03125,-1.01171875,0.02734375
2085,-0.03515625,-0.99609375,0.01953125
2086,-0.02734375,-0.9921875,0.015625
2087,-0.03515625,-0.9765625,0.01953125
2088,-0.02734375,-0.984375,0.0078125
2089,-0.0390625,-1.0,0.015625
2090,-0.03515625,-1.0,0.0078125
2091,-0.03515625,-1.00390625,0.01953125
2092,-0.03515625,-1.0,0.0234375
2093,-0.04296875,-1.00390625,0.015625
2094,-0.046875,-1.0,0.015625
2095,-0.0390625,-1.01171875,0.04296875
2096,-0.03515625,-1.00390625,0.01171875
2097,-0.03515625,-1.0,0.015625
2098,-0.04296875,-0.99609375,0.01171875
2099,-0.04296875,-0.99609375,0.01171875
2100,-0.04296875,-0.99609375,0.01171875
2101,-0.03515625,-1.0078125,0.03125
2102,-0.01953125,-1.0,0.0078125
2103,-0.03515625,-0.99609375,0.01953125
2104,-0.03125,-1.0234375,0.02734375
2105,-0.03125,-1.01171875,0.046875
2106,-0.03125,-1.0,0.00390625
2107,-0.02734375,-1.0,0.01171875
2108,-0.03125,-1.0,0.015625
2109,-0.03125,-1.0,0.02734375
2110,-0.03125,-0.9921875,0.015625
2111,-0.03125,-1.0078125,0.01953125
2112,-0.03515625,-0.9921875,0.00390625
2113,-0.04296875,-1.0,0.0234375
2114,-0.0546875,-1.01171875,0.03125
2115,-0.04296875,-0.9921875,0.01171875
2116,-0.03515625,-1.00390625,0.0234375
2117,-0.04296875,-0.99609375,0.01171875
2118,-0.03125,-0.9921875,0.0234375
2119,-0.0390625,-1.00390625,0.02734375
2120,-0.03125,-0.99609375,0.01171875
2121,-0.05078125,-0.9921875,0.01171875
2122,-0.03515625,-0.9921875,0.0078125
2123,-0.01953125,-0.9921875,0.01953125
2124,-0.03515625,-0.98828125,0.01171875
2125,-0.01953125,-1.0,0.01171875
2126,-0.03515625,-1.00390625,0.0234375
2127,-0.0390625,-0.99609375,0.01953125
2128,-0.02734375,-1.00390625,0.015625
2129,-0.04296875,-0.9921875,0.0078125
2130,-0.0390625,-0.9921875,0.03515625
2131,-0.04296875,-0.984375,0.01171875
2132,-0.0390625,-0.9921875,0.01171875
2133,-0.03515625,-1.00390625,0.015625
2134,-0.0390625,-1.0078125,0.03125
2135,-0.04296875,-0.99609375,0.01953125
2136,-0.03515625,-0.98828125,0.03125
2137,-0.04296875,-0.9921875,0.01953125
2138,-0.0390625,-1.0,0.03515625
2139,-0.03515625,-1.0,0.0234375
2140,-0.02734375,-1.0,0.01171875
2141,-0.015625,-0.99609375,0.03515625
2142,-0.03125,-1.00390625,0.0234375
2143,-0.046875,-0.99609375,0.01953125
2144,-0.03125,-0.99609375,0.0234375
2145,-0.02734375,-1.0078125,0.015625
2146,-0.01953125,-0.99609375,0.015625
2147,-0.0078125,-1.0,0.00390625
2148,-0.0078125,-1.00390625,0.01171875
2149,-0.01953125,-0.98828125,-0.0234375
2150,-0.02734375,-0.9921875,0.01953125
2151,-0.03125,-1.0,0.01171875
2152,-0.0234375,-0.9921875,0.02734375
2153,-0.02734375,-0.99609375,0.015625
2154,-0.01171875,-0.99609375,0.02734375
2155,-0.015625,-1.00390625,0.01171875
2156,-0.0078125,-0.99609375,0.01953125
2157,-0.0234375,-1.00390625,0.03515625
2158,-0.03125,-1.00390625,0.02734375
2159,-0.03125,-0.99609375,0.02734375
2160,-0.01953125,-0.9921875,0.015625
2161,-0.03125,-1.0,0.02734375
2162,-0.02734375,-1.0,0.02734375
2163,-0.03125,-0.99609375,0.02734375
2164,-0.03515625,-1.0078125,0.01953125
2165,-0.03125,-0.99609375,0.015625
2166,-0.0390625,-0.98828125,0.015625
2167,-0.03515625,-0.98828125,0.0234375
2168,-0.0390625,-0.99609375,0.0234375
2169,-0.02734375,-1.00390625,0.01953125
2170,-0.0390625,-0.98828125,0.03125
2171,-0.0390625,-1.0,0.015625
2172,-0.0390625,-0.9921875,0.00390625
2173,-0.0390625,-0.99609375,0.0078125
2174,-0.0390625,-0.99609375,0.015625
2175,-0.0390625,-1.0,0.03125
2176,-0.0390625,-1.0,0.0234375
2177,-0.0390625,-1.00390625,0.0234375
2178,-0.0234375,-1.00390625,0.0078125
2179,-0.04296875,-0.99609375,0.01171875
2180,-0.03125,-0.99609375,0.03125
2181,-0.0390625,-1.00390625,0.015625
2182,-0.03515625,-1.0,0.015625
2183,-0.0234375,-1.01171875,0.01171875
2184,-0.03515625,-1.00390625,0.01171875
2185,-0.03515625,-0.9921875,0.015625
2186,-0.0390625,-1.0,0.01171875
2187,-0.03125,-1.0078125,0.0078125
2188,-0.02734375,-1.0078125,0.01953125
2189,-0.0390625,-1.01171875,0.015625
2190,-0.03515625,-0.9921875,0.01953125
2191,-0.03125,-0.99609375,0.01171875
2192,-0.0390625,-0.99609375,0.01171875
2193,-0.0390625,-0.99609375,0.015625
2194,-0.03515625,-0.99609375,0.01171875
2195,-0.0390625,-1.0,0.01171875
2196,-0.03125,-1.00390625,0.01953125
2197,-0.05078125,-1.00390625,0.03515625
2198,-0.04296875,-0.99609375,0.015625
2199,-0.04296875,-0.98828125,0.00390625
2200,-0.04296875,-0.99609375,0.01171875
2201,-0.03515625,-1.0,0.015625
2202,-0.02734375,-0.98828125,0.0078125
2203,-0.04296875,-1.0078125,0.02734375
2204,-0.03515625,-1.00390625,0.015625
2205,-0.03125,-1.00390625,0.015625
2206,-0.03515625,-0.98828125,0.0
2207,-0.03515625,-1.0,0.0
2208,-0.03515625,-1.0078125,0.0078125
2209,-0.04296875,-0.99609375,0.00390625
2210,-0.04296875,-1.0078125,0.015625
2211,-0.04296875,-1.01171875,0.02734375
2212,-0.03125,-1.00390625,0.0078125
2213,-0.0390625,-1.0078125,0.00390625
2214,-0.0625,-0.9921875,0.00390625
2215,-0.03515625,-1.01171875,0.0078125
2216,-0.03515625,-1.00390625,0.01953125
2217,-0.03515625,-0.9921875,0.0
2218,-0.03125,-1.0,0.0234375
2219,-0.03125,-0.9921875,0.0
2220,-0.0390625,-0.98828125,0.02734375
2221,-0.03125,-1.00390625,0.02734375
2222,-0.03515625,-1.0078125,0.0078125
2223,-0.0390625,-1.00390625,0.00390625
2224,-0.0390625,-1.00390625,0.01171875
2225,-0.046875,-0.99609375,0.0078125
2226,-0.03515625,-1.0078125,0.0234375
2227,-0.02734375,-1.015625,0.015625
2228,-0.04296875,-1.0078125,0.01953125
2229,-0.0546875,-1.0,0.01953125
2230,-0.04296875,-1.0,0.00390625
2231,-0.03125,-1.0078125,0.01171875
2232,-0.04296875,-1.0,0.01953125
2233,-0.0390625,-0.9921875,0.00390625
2234,-0.03125,-1.00390625,0.0078125
2235,-0.046875,-1.00390625,0.01171875
2236,-0.03515625,-0.99609375,-0.0078125
2237,-0.04296875,-1.0,0.00390625
2238,-0.03125,-1.01171875,0.01953125
2239,-0.03125,-1.0,0.0078125
2240,-0.03515625,-1.00390625,0.015625
2241,-0.0390625,-0.98828125,0.00390625
2242,-0.0234375,-0.98046875,0.01171875
2243,-0.02734375,-0.9921875,0.00390625
2244,-0.0234375,-0.984375,0.0078125
2245,-0.0234375,-0.99609375,0.0078125
2246,-0.0234375,-1.00390625,0.0078125
2247,-0.03125,-0.99609375,0.02734375
2248,-0.03125,-0.99609375,0.0078125
2249,-0.0234375,-1.00390625,0.01171875
2250,-0.03125,-1.00390625,0.02734375
2251,-0.0234375,-1.01171875,0.015625
2252,-0.03125,-1.00390625,0.01953125
2253,-0.0234375,-1.0,0.0234375
2254,-0.03515625,-1.00390625,0.01171875
2255,-0.0234375,-0.99609375,0.00390625
2256,-0.02734375,-0.99609375,0.01171875
2257,-0.03125,-0.98828125,-0.00390625
2258,-0.03515625,-0.99609375,0.01171875
2259,-0.0390625,-0.98828125,0.0078125
2260,-0.0390625,-1.0,0.01171875
2261,-0.046875,-1.0,0.00390625
2262,-0.0390625,-0.98828125,0.01171875
2263,-0.03125,-1.0078125,0.01953125
2264,-0.03125,-1.00390625,0.0234375
2265,-0.03125,-1.00390625,0.01171875
2266,-0.02734375,-1.01171875,0.01953125
2267,-0.03125,-0.99609375,0.03515625
2268,-0.0234375,-0.9921875,0.01953125
2269,-0.02734375,-0.9921875,0.01171875
2270,-0.03125,-1.0,0.01171875
2271,-0.02734375,-0.9921875,0.02734375
2272,-0.0390625,-1.00390625,0.015625
2273,-0.03125,-0.99609375,0.00390625
2274,-0.03125,-1.00390625,0.01171875
2275,-0.02734375,-0.9921875,0.01171875
2276,-0.03125,-1.01171875,0.01953125
2277,-0.05078125,-1.00390625,0.01953125
2278,-0.05078125,-0.9921875,0.03515625
2279,-0.03125,-0.99609375,0.01171875
2280,-0.0390625,-1.01953125,0.0078125
2281,-0.046875,-1.0,0.015625
2282,-0.02734375,-1.015625,0.0078125
2283,-0.04296875,-1.01171875,0.01953125
2284,-0.02734375,-1.015625,0.01953125
2285,-0.046875,-1.00390625,0.01171875
2286,-0.03125,-1.0078125,0.01953125
2287,-0.0390625,-1.0078125,0.01171875
2288,-0.03125,-0.9921875,0.0234375
2289,-0.03515625,-0.98828125,0.01953125
2290,-0.0078125,-0.9921875,0.01953125
2291,-0.0234375,-1.01171875,0.01953125
2292,-0.01953125,-0.98828125,0.01953125
2293,-0.015625,-1.0,0.00390625
2294,-0.04296875,-0.9921875,0.0078125
2295,-0.04296875,-0.99609375,-0.00390625
2296,-0.03515625,-0.99609375,0.01171875
2297,-0.03125,-1.0078125,0.03125
2298,-0.03125,-1.01171875,0.00390625
2299,-0.03125,-1.01171875,0.0234375
2300,-0.05078125,-0.99609375,0.02734375
2301,-0.0390625,-1.0,0.0234375
2302,-0.046875,-1.0078125,0.01953125
2303,-0.05078125,-1.0,0.01171875
2304,-0.03125,-1.00390625,0.0234375
2305,-0.05078125,-1.0,0.02734375
2306,-0.0390625,-1.01171875,0.0234375
2307,-0.0390625,-1.0,0.01171875
2308,-0.015625,-0.99609375,0.0234375
2309,-0.03515625,-0.9921875,0.01953125
2310,-0.01953125,-1.00390625,0.01171875
2311,-0.02734375,-0.99609375,0.01171875
2312,-0.03515625,-1.0,0.01171875
2313,-0.02734375,-0.98828125,0.01953125
2314,-0.01171875,-1.0078125,0.01953125
2315,-0.03125,-1.01171875,0.0234375
2316,-0.0390625,-1.0078125,0.02734375
2317,-0.03515625,-0.9921875,0.03515625
2318,-0.04296875,-0.98828125,0.015625
2319,-0.03125,-1.00390625,0.02734375
2320,-0.0234375,-0.99609375,0.03125
2321,-0.0234375,-1.0,0.02734375
2322,-0.015625,-1.01171875,-0.0078125
2323,-0.0234375,-0.984375,0.02734375
2324,-0.0390625,-0.98828125,0.02734375
2325,-0.04296875,-0.9921875,0.015625
2326,-0.03515625,-0.99609375,0.01953125
2327,-0.02734375,-1.0078125,0.01953125
2328,-0.03125,-0.9921875,0.0078125
2329,-0.02734375,-1.00390625,0.0078125
2330,-0.02734375,-0.99609375,0.0078125
2331,-0.02734375,-0.9921875,0.01171875
2332,-0.02734375,-0.99609375,0.0078125
2333,-0.03515625,-0.99609375,0.01171875
2334,-0.03515625,-0.99609375,0.0234375
2335,-0.03125,-1.0,0.02734375
2336,-0.03125,-0.984375,0.02734375
2337,-0.05078125,-0.9921875,0.0234375
2338,-0.046875,-0.9921875,0.02734375
2339,-0.046875,-0.99609375,0.03125
2340,-0.02734375,-1.01171875,0.03125
2341,-0.03515625,-1.0,0.015625
2342,-0.0390625,-1.0078125,0.01953125
2343,-0.0390625,-0.99609375,0.01171875
2344,-0.03515625,-0.9921875,0.0
2345,-0.046875,-0.99609375,0.0
2346,-0.04296875,-0.9921875,0.03125
2347,-0.04296875,-0.99609375,0.0234375
2348,-0.03125,-1.0,0.015625
2349,-0.0390625,-1.00390625,0.02734375
2350,-0.04296875,-1.0078125,0.03515625
2351,-0.046875,-1.00390625,0.03125
2352,-0.04296875,-1.0,0.015625
2353,-0.03125,-1.0,0.015625
2354,-0.0390625,-1.0078125,0.01171875
2355,-0.03125,-0.99609375,0.01953125
2356,-0.03515625,-0.99609375,0.01953125
2357,-0.03515625,-0.99609375,0.03125
2358,-0.03515625,-0.9921875,0.01171875
2359,-0.04296875,-0.99609375,0.015625
2360,-0.02734375,-1.00390625,0.03125
2361,-0.02734375,-1.0,0.03125
2362,-0.0390625,-1.0078125,0.0234375
2363,-0.03515625,-0.9921875,0.01953125
2364,-0.046875,-0.98828125,0.03125
2365,-0.0390625,-1.00390625,0.0234375
2366,-0.03125,-1.04296875,0.00390625
2367,-0.04296875,-0.9921875,0.0078125
2368,-0.0390625,-0.99609375,0.0234375
2369,-0.04296875,-0.9921875,0.0234375
2370,-0.03515625,-1.0,0.01953125
2371,-0.03515625,-0.99609375,0.01953125
2372,-0.0390625,-0.99609375,0.015625
2373,-0.03515625,-0.99609375,0.0078125
2374,-0.03125,-0.99609375,0.015625
2375,-0.02734375,-0.9921875,0.0078125
2376,-0.0390625,-0.9921875,0.015625
2377,-0.04296875,-1.00390625,0.00390625
2378,-0.05078125,-0.9921875,0.01953125
2379,-0.0390625,-0.99609375,0.0078125
2380,-0.03515625,-1.0,0.03125
2381,-0.03515625,-1.0078125,0.01171875
2382,-0.0390625,-0.9921875,0.015625
2383,-0.03515625,-1.0,0.015625
2384,-0.046875,-1.00390625,0.0078125
2385,-0.03515625,-0.99609375,0.01171875
2386,-0.046875,-1.0,0.01171875
2387,-0.05078125,-1.0,0.0078125
2388,-0.04296875,-0.99609375,0.01953125
2389,-0.02734375,-1.01953125,0.01171875
2390,-0.03125,-0.99609375,0.03515625
2391,-0.01953125,-1.0,0.01953125
2392,-0.03515625,-0.99609375,0.0078125
2393,-0.01953125,-0.99609375,0.01953125
2394,-0.03515625,-0.99609375,0.02734375
2395,-0.03125,-0.9921875,0.00390625
2396,-0.02734375,-1.0,0.03125
2397,-0.02734375,-1.0,0.01171875
2398,-0.0390625,-0.99609375,0.0078125
2399,-0.02734375,-0.99609375,0.0234375
